order_id,customer_id,order_timestamp,product_id,quantity,unit_price,status,country
1001,1,8/7/2026,1,,159.56,error: undefined method `first' for nil:NilClass,Peru
1002,2,8/6/2026,2,15,403.59,error: undefined method `first' for nil:NilClass,Zimbabwe
1003,3,8/4/2026,3,2,835.98,error: undefined method `first' for nil:NilClass,Bulgaria
1004,4,8/4/2026,4,2,154.43,error: undefined method `first' for nil:NilClass,Ireland
1005,5,8/7/2026,5,13,539.48,error: undefined method `first' for nil:NilClass,Indonesia
1006,6,8/5/2026,6,10,46.45,,Russia
1007,7,8/1/2026,7,1,850.22,error: undefined method `first' for nil:NilClass,China
1008,8,8/7/2026,,5,729.2,error: undefined method `first' for nil:NilClass,Thailand
1009,9,8/1/2026,,13,267.82,error: undefined method `first' for nil:NilClass,Philippines
,10,8/3/2026,10,9,284.69,error: undefined method `first' for nil:NilClass,Spain
,11,8/4/2026,11,12,612.05,error: undefined method `first' for nil:NilClass,Indonesia
1012,12,8/3/2026,12,15,167.71,error: undefined method `first' for nil:NilClass,Libya
1013,13,,13,15,297.59,error: undefined method `first' for nil:NilClass,
1014,14,8/6/2026,14,8,880.96,error: undefined method `first' for nil:NilClass,Palestinian Territory
1015,15,8/6/2026,15,14,899.96,error: undefined method `first' for nil:NilClass,China
1016,16,8/6/2026,16,9,672.16,error: undefined method `first' for nil:NilClass,China
1017,17,8/2/2026,17,15,923.76,error: undefined method `first' for nil:NilClass,China
1018,18,8/7/2026,18,16,422.24,error: undefined method `first' for nil:NilClass,New Zealand
1019,19,8/1/2026,19,20,563.56,error: undefined method `first' for nil:NilClass,Slovenia
1020,20,8/1/2026,20,1,227.39,error: undefined method `first' for nil:NilClass,Vietnam
1021,21,8/6/2026,21,13,669.25,error: undefined method `first' for nil:NilClass,Philippines
1022,22,8/3/2026,22,1,240.61,,Philippines
1023,23,8/4/2026,23,16,293.2,error: undefined method `first' for nil:NilClass,France
1024,24,8/3/2026,24,17,594.99,error: undefined method `first' for nil:NilClass,Kazakhstan
,25,,25,18,432.4,error: undefined method `first' for nil:NilClass,Canada
1026,26,8/2/2026,26,5,65.78,error: undefined method `first' for nil:NilClass,Indonesia
1027,27,8/7/2026,27,12,323.81,error: undefined method `first' for nil:NilClass,Russia
1028,28,,28,5,357.07,error: undefined method `first' for nil:NilClass,Greece
1029,29,8/6/2026,29,20,967.98,error: undefined method `first' for nil:NilClass,Indonesia
,30,8/3/2026,30,18,566.29,error: undefined method `first' for nil:NilClass,France
1031,31,8/7/2026,31,7,207.87,error: undefined method `first' for nil:NilClass,Indonesia
1032,32,8/3/2026,32,6,817.23,error: undefined method `first' for nil:NilClass,Kazakhstan
1033,33,8/7/2026,33,4,109.5,error: undefined method `first' for nil:NilClass,Indonesia
1034,34,8/2/2026,34,2,891.07,error: undefined method `first' for nil:NilClass,El Salvador
1035,35,8/5/2026,35,1,149.61,error: undefined method `first' for nil:NilClass,China
,36,8/5/2026,36,7,335.21,error: undefined method `first' for nil:NilClass,Nepal
1037,37,8/4/2026,37,17,264.9,error: undefined method `first' for nil:NilClass,Guatemala
1038,38,8/1/2026,38,,208.69,error: undefined method `first' for nil:NilClass,United States
1039,39,8/1/2026,39,10,17.21,error: undefined method `first' for nil:NilClass,Portugal
1040,40,,40,5,529.5,error: undefined method `first' for nil:NilClass,Paraguay
1041,41,8/4/2026,41,10,328.18,error: undefined method `first' for nil:NilClass,Philippines
1042,42,8/6/2026,42,16,2.98,error: undefined method `first' for nil:NilClass,China
1043,43,8/2/2026,43,7,744.91,error: undefined method `first' for nil:NilClass,China
1044,44,8/6/2026,44,7,97.83,error: undefined method `first' for nil:NilClass,Myanmar
1045,45,8/2/2026,45,20,367.78,error: undefined method `first' for nil:NilClass,Bolivia
1046,46,8/3/2026,46,20,122.11,error: undefined method `first' for nil:NilClass,Syria
1047,47,8/5/2026,47,3,203.04,error: undefined method `first' for nil:NilClass,Thailand
1048,48,8/6/2026,48,6,699.68,error: undefined method `first' for nil:NilClass,Estonia
1049,49,8/2/2026,49,16,379.89,error: undefined method `first' for nil:NilClass,Argentina
1050,50,8/2/2026,50,10,344.56,error: undefined method `first' for nil:NilClass,Mauritius
1051,51,8/4/2026,51,3,919.95,error: undefined method `first' for nil:NilClass,Vietnam
1052,52,8/4/2026,52,4,553.07,error: undefined method `first' for nil:NilClass,Brazil
1053,53,8/7/2026,53,15,988.63,error: undefined method `first' for nil:NilClass,Armenia
1054,54,8/6/2026,54,11,145.02,error: undefined method `first' for nil:NilClass,Iraq
1055,55,8/3/2026,55,17,407.49,error: undefined method `first' for nil:NilClass,Mongolia
1056,,8/2/2026,56,7,30.8,error: undefined method `first' for nil:NilClass,
1057,57,8/6/2026,57,8,860.2,error: undefined method `first' for nil:NilClass,China
1058,58,8/6/2026,58,9,395.29,error: undefined method `first' for nil:NilClass,Poland
1059,59,8/7/2026,59,7,501.25,error: undefined method `first' for nil:NilClass,China
1060,60,8/5/2026,60,1,339.05,error: undefined method `first' for nil:NilClass,Philippines
1061,61,8/1/2026,61,1,914.09,error: undefined method `first' for nil:NilClass,China
1062,62,8/6/2026,,11,693.44,error: undefined method `first' for nil:NilClass,China
1063,63,8/7/2026,63,15,19.05,error: undefined method `first' for nil:NilClass,China
1064,64,8/3/2026,64,2,915.21,error: undefined method `first' for nil:NilClass,Indonesia
1065,65,8/2/2026,65,15,100.07,error: undefined method `first' for nil:NilClass,China
1066,66,8/6/2026,66,5,888.8,error: undefined method `first' for nil:NilClass,Indonesia
,67,8/5/2026,67,12,477.25,error: undefined method `first' for nil:NilClass,Canada
1068,68,8/5/2026,68,9,611.83,error: undefined method `first' for nil:NilClass,China
1069,69,8/3/2026,69,12,793.44,error: undefined method `first' for nil:NilClass,China
1070,70,8/2/2026,70,8,804.78,error: undefined method `first' for nil:NilClass,Vietnam
1071,71,8/1/2026,71,4,217.19,error: undefined method `first' for nil:NilClass,Indonesia
1072,72,8/3/2026,72,16,796.34,error: undefined method `first' for nil:NilClass,Poland
1073,73,8/4/2026,73,14,104.82,error: undefined method `first' for nil:NilClass,China
1074,74,8/2/2026,74,6,691.11,error: undefined method `first' for nil:NilClass,Mexico
1075,75,8/2/2026,75,13,363.57,error: undefined method `first' for nil:NilClass,Benin
1076,76,8/5/2026,76,1,472.44,error: undefined method `first' for nil:NilClass,North Korea
1077,77,8/7/2026,77,8,603.52,error: undefined method `first' for nil:NilClass,Brazil
1078,78,8/5/2026,78,15,284.64,error: undefined method `first' for nil:NilClass,Indonesia
1079,79,8/2/2026,79,7,677.37,error: undefined method `first' for nil:NilClass,Namibia
1080,80,8/7/2026,80,5,949.21,error: undefined method `first' for nil:NilClass,France
1081,81,8/5/2026,81,3,,error: undefined method `first' for nil:NilClass,Georgia
1082,82,8/6/2026,82,3,129.15,error: undefined method `first' for nil:NilClass,China
1083,83,8/1/2026,83,9,284.79,error: undefined method `first' for nil:NilClass,China
1084,84,8/4/2026,84,8,406.58,error: undefined method `first' for nil:NilClass,China
1085,85,8/6/2026,85,,,error: undefined method `first' for nil:NilClass,Luxembourg
1086,86,8/4/2026,86,16,350.01,error: undefined method `first' for nil:NilClass,Canada
1087,87,8/5/2026,87,20,,error: undefined method `first' for nil:NilClass,China
1088,88,8/7/2026,88,18,475.36,error: undefined method `first' for nil:NilClass,China
1089,89,8/4/2026,89,7,625.71,error: undefined method `first' for nil:NilClass,Russia
1090,90,8/7/2026,90,3,999.86,error: undefined method `first' for nil:NilClass,United States
1091,91,8/6/2026,91,4,761.03,error: undefined method `first' for nil:NilClass,Russia
1092,92,8/6/2026,92,20,761.67,error: undefined method `first' for nil:NilClass,North Korea
1093,93,8/6/2026,93,2,905.02,error: undefined method `first' for nil:NilClass,China
1094,94,8/6/2026,94,14,420.66,error: undefined method `first' for nil:NilClass,Colombia
1095,95,8/2/2026,95,7,910.65,error: undefined method `first' for nil:NilClass,Portugal
,96,8/5/2026,96,,836.66,error: undefined method `first' for nil:NilClass,Philippines
1097,97,,97,6,588.45,,China
1098,98,8/5/2026,98,19,789.86,error: undefined method `first' for nil:NilClass,Thailand
1099,99,8/1/2026,99,5,198.34,error: undefined method `first' for nil:NilClass,Thailand
1100,100,8/4/2026,100,17,376.68,error: undefined method `first' for nil:NilClass,Russia
1101,101,8/3/2026,101,12,53.45,error: undefined method `first' for nil:NilClass,United Kingdom
1102,102,8/4/2026,102,4,510.95,error: undefined method `first' for nil:NilClass,Poland
1103,103,8/3/2026,103,4,360.81,error: undefined method `first' for nil:NilClass,China
1104,104,8/1/2026,104,20,83.05,error: undefined method `first' for nil:NilClass,Indonesia
1105,105,8/5/2026,105,,981.07,error: undefined method `first' for nil:NilClass,China
1106,106,8/7/2026,106,18,,error: undefined method `first' for nil:NilClass,Philippines
1107,107,8/5/2026,107,7,,error: undefined method `first' for nil:NilClass,Serbia
1108,108,8/5/2026,108,16,137.74,error: undefined method `first' for nil:NilClass,Greece
1109,109,8/5/2026,109,13,308.76,error: undefined method `first' for nil:NilClass,France
1110,110,8/6/2026,110,16,321.39,error: undefined method `first' for nil:NilClass,Peru
1111,111,8/5/2026,111,,707.41,error: undefined method `first' for nil:NilClass,China
1112,112,8/6/2026,112,3,837.39,error: undefined method `first' for nil:NilClass,Russia
1113,113,8/3/2026,113,3,566.36,error: undefined method `first' for nil:NilClass,Finland
1114,114,8/5/2026,114,14,433.58,error: undefined method `first' for nil:NilClass,China
1115,115,8/7/2026,115,6,949.49,error: undefined method `first' for nil:NilClass,China
1116,116,8/2/2026,116,3,29.07,error: undefined method `first' for nil:NilClass,South Africa
1117,117,8/5/2026,117,12,413.53,error: undefined method `first' for nil:NilClass,Russia
1118,118,8/1/2026,118,6,42.42,error: undefined method `first' for nil:NilClass,Iran
1119,119,8/5/2026,119,16,10.2,error: undefined method `first' for nil:NilClass,China
1120,120,8/4/2026,120,4,233.25,error: undefined method `first' for nil:NilClass,Ukraine
1121,121,8/1/2026,121,3,557.61,error: undefined method `first' for nil:NilClass,Pakistan
1122,122,8/6/2026,122,,362.98,error: undefined method `first' for nil:NilClass,Brazil
1123,123,8/5/2026,123,4,582.04,error: undefined method `first' for nil:NilClass,Czech Republic
1124,124,8/3/2026,124,17,845.63,error: undefined method `first' for nil:NilClass,Moldova
1125,125,8/2/2026,125,11,778.35,error: undefined method `first' for nil:NilClass,Brazil
1126,126,8/6/2026,126,15,741.14,error: undefined method `first' for nil:NilClass,Philippines
1127,127,8/2/2026,127,11,435.59,error: undefined method `first' for nil:NilClass,Russia
1128,128,8/1/2026,128,1,139.38,error: undefined method `first' for nil:NilClass,Iran
1129,129,8/3/2026,129,10,27.66,error: undefined method `first' for nil:NilClass,France
1130,130,8/3/2026,130,1,879.1,error: undefined method `first' for nil:NilClass,Sweden
1131,131,8/2/2026,131,16,588.37,error: undefined method `first' for nil:NilClass,Mali
,132,8/6/2026,132,4,421.8,error: undefined method `first' for nil:NilClass,China
1133,133,8/7/2026,133,,620.69,error: undefined method `first' for nil:NilClass,Uganda
1134,134,8/5/2026,134,20,835.24,error: undefined method `first' for nil:NilClass,Indonesia
1135,135,8/4/2026,135,,814.68,error: undefined method `first' for nil:NilClass,Japan
1136,136,8/1/2026,136,14,640.13,error: undefined method `first' for nil:NilClass,Canada
1137,137,8/7/2026,137,12,966.79,error: undefined method `first' for nil:NilClass,China
1138,138,8/2/2026,138,16,800.5,error: undefined method `first' for nil:NilClass,Portugal
1139,139,8/1/2026,139,18,366.59,error: undefined method `first' for nil:NilClass,Philippines
1140,140,8/6/2026,140,20,635.52,error: undefined method `first' for nil:NilClass,
1141,141,,141,15,584.86,error: undefined method `first' for nil:NilClass,Vietnam
1142,142,8/7/2026,142,1,4.1,error: undefined method `first' for nil:NilClass,Peru
1143,143,8/6/2026,143,13,730.33,error: undefined method `first' for nil:NilClass,Philippines
1144,144,8/6/2026,144,19,174.07,error: undefined method `first' for nil:NilClass,Greece
1145,145,8/2/2026,145,12,448.93,error: undefined method `first' for nil:NilClass,Morocco
1146,146,8/5/2026,146,18,626.28,error: undefined method `first' for nil:NilClass,Niue
1147,147,8/5/2026,147,10,637.81,error: undefined method `first' for nil:NilClass,Czech Republic
1148,148,,148,15,279.08,,Greece
,149,8/2/2026,149,4,56.84,error: undefined method `first' for nil:NilClass,Nigeria
1150,150,8/6/2026,150,6,958.98,error: undefined method `first' for nil:NilClass,Nigeria
1151,151,8/4/2026,151,11,4.88,error: undefined method `first' for nil:NilClass,China
1152,152,,152,4,748.48,error: undefined method `first' for nil:NilClass,Indonesia
1153,153,8/7/2026,153,3,700.5,error: undefined method `first' for nil:NilClass,Mexico
1154,154,8/1/2026,154,18,456.61,error: undefined method `first' for nil:NilClass,Philippines
,155,8/5/2026,155,5,796.1,error: undefined method `first' for nil:NilClass,Serbia
1156,156,8/4/2026,156,,483.04,error: undefined method `first' for nil:NilClass,Haiti
1157,157,8/1/2026,157,17,,error: undefined method `first' for nil:NilClass,Colombia
1158,158,8/4/2026,158,20,,,Indonesia
1159,159,8/1/2026,159,11,95.12,error: undefined method `first' for nil:NilClass,Argentina
1160,160,8/2/2026,160,18,3.65,error: undefined method `first' for nil:NilClass,Portugal
1161,161,8/5/2026,161,7,199.28,error: undefined method `first' for nil:NilClass,Gabon
1162,162,8/3/2026,162,20,707.31,error: undefined method `first' for nil:NilClass,Philippines
1163,163,8/7/2026,163,9,731.94,,
1164,164,8/7/2026,164,18,482.48,error: undefined method `first' for nil:NilClass,Albania
1165,165,8/3/2026,165,13,586.4,error: undefined method `first' for nil:NilClass,Mexico
,166,8/3/2026,166,10,655.53,error: undefined method `first' for nil:NilClass,Colombia
1167,167,8/5/2026,167,2,655.02,error: undefined method `first' for nil:NilClass,Peru
1168,168,8/6/2026,168,16,7.2,error: undefined method `first' for nil:NilClass,Democratic Republic of the Congo
1169,169,8/2/2026,169,13,285.76,error: undefined method `first' for nil:NilClass,Portugal
1170,170,8/6/2026,170,12,386.51,error: undefined method `first' for nil:NilClass,Brazil
1171,171,,171,13,113.62,error: undefined method `first' for nil:NilClass,Ukraine
1172,172,,172,15,31.3,error: undefined method `first' for nil:NilClass,China
1173,173,8/4/2026,173,11,668.35,error: undefined method `first' for nil:NilClass,Philippines
1174,174,8/7/2026,174,11,278.26,error: undefined method `first' for nil:NilClass,
1175,175,8/3/2026,175,20,714.01,error: undefined method `first' for nil:NilClass,China
1176,176,8/3/2026,176,17,579.77,error: undefined method `first' for nil:NilClass,Belarus
1177,177,8/7/2026,177,14,479.11,error: undefined method `first' for nil:NilClass,China
1178,178,8/6/2026,178,15,402.79,error: undefined method `first' for nil:NilClass,Colombia
1179,179,8/2/2026,179,13,177.38,error: undefined method `first' for nil:NilClass,China
1180,180,8/5/2026,,15,120.9,error: undefined method `first' for nil:NilClass,
1181,181,8/1/2026,181,20,606.6,,
1182,182,8/5/2026,182,15,,error: undefined method `first' for nil:NilClass,Indonesia
,183,8/6/2026,183,10,615.44,error: undefined method `first' for nil:NilClass,Kyrgyzstan
1184,184,8/5/2026,184,14,999.08,error: undefined method `first' for nil:NilClass,Indonesia
1185,185,8/6/2026,185,7,306.02,error: undefined method `first' for nil:NilClass,
1186,186,8/2/2026,186,19,952.21,error: undefined method `first' for nil:NilClass,Russia
1187,187,8/2/2026,187,9,498.76,error: undefined method `first' for nil:NilClass,Bulgaria
1188,188,8/4/2026,188,5,841.32,error: undefined method `first' for nil:NilClass,Brazil
1189,189,8/5/2026,189,11,522.23,error: undefined method `first' for nil:NilClass,Thailand
1190,190,8/5/2026,190,10,55.66,error: undefined method `first' for nil:NilClass,Russia
1191,191,8/2/2026,191,12,222.88,error: undefined method `first' for nil:NilClass,Russia
1192,192,8/5/2026,192,12,317.56,error: undefined method `first' for nil:NilClass,Peru
1193,193,8/6/2026,193,7,752.08,error: undefined method `first' for nil:NilClass,Bulgaria
1194,194,8/4/2026,194,20,267.15,error: undefined method `first' for nil:NilClass,Indonesia
1195,195,8/2/2026,195,11,186.03,error: undefined method `first' for nil:NilClass,China
1196,196,8/3/2026,196,11,171.9,error: undefined method `first' for nil:NilClass,China
1197,197,8/1/2026,197,6,220.18,error: undefined method `first' for nil:NilClass,Mexico
1198,198,8/6/2026,198,9,708.97,error: undefined method `first' for nil:NilClass,Israel
1199,,8/1/2026,199,2,332.73,error: undefined method `first' for nil:NilClass,Russia
1200,200,8/3/2026,200,10,649.68,error: undefined method `first' for nil:NilClass,Indonesia
1201,201,8/2/2026,201,3,455.4,error: undefined method `first' for nil:NilClass,Indonesia
1202,202,8/1/2026,202,20,417.53,error: undefined method `first' for nil:NilClass,Cameroon
1203,203,8/7/2026,203,19,264.26,error: undefined method `first' for nil:NilClass,Indonesia
1204,204,8/2/2026,204,3,,error: undefined method `first' for nil:NilClass,China
1205,205,8/7/2026,205,11,282.73,error: undefined method `first' for nil:NilClass,China
1206,206,8/1/2026,206,18,784.9,error: undefined method `first' for nil:NilClass,Colombia
1207,207,8/5/2026,207,5,326.96,error: undefined method `first' for nil:NilClass,Czech Republic
1208,208,8/6/2026,208,18,342.82,error: undefined method `first' for nil:NilClass,China
1209,209,8/3/2026,209,15,856.49,error: undefined method `first' for nil:NilClass,Costa Rica
1210,210,8/4/2026,210,18,889.28,error: undefined method `first' for nil:NilClass,China
,211,8/3/2026,211,15,831.08,error: undefined method `first' for nil:NilClass,Thailand
1212,212,8/6/2026,212,19,14.71,error: undefined method `first' for nil:NilClass,China
1213,213,8/6/2026,213,3,957.35,error: undefined method `first' for nil:NilClass,Sweden
1214,214,8/3/2026,214,11,712.41,error: undefined method `first' for nil:NilClass,Russia
1215,215,8/1/2026,215,2,487.78,error: undefined method `first' for nil:NilClass,Kenya
1216,216,8/7/2026,216,4,124.68,error: undefined method `first' for nil:NilClass,South Africa
1217,217,8/6/2026,217,10,313.15,error: undefined method `first' for nil:NilClass,Philippines
1218,218,8/6/2026,218,7,894.37,error: undefined method `first' for nil:NilClass,Philippines
1219,219,8/5/2026,219,16,955.15,error: undefined method `first' for nil:NilClass,Egypt
1220,220,8/2/2026,220,8,44.37,error: undefined method `first' for nil:NilClass,
1221,221,8/5/2026,221,5,452.29,error: undefined method `first' for nil:NilClass,
1222,222,8/2/2026,222,17,961.76,error: undefined method `first' for nil:NilClass,Serbia
1223,223,8/2/2026,223,10,616.41,error: undefined method `first' for nil:NilClass,Hungary
1224,224,8/6/2026,224,17,815.97,error: undefined method `first' for nil:NilClass,Indonesia
1225,225,8/2/2026,225,17,630.18,error: undefined method `first' for nil:NilClass,Guatemala
1226,226,8/4/2026,226,18,990.13,error: undefined method `first' for nil:NilClass,China
1227,227,8/2/2026,227,10,425.09,error: undefined method `first' for nil:NilClass,China
1228,228,8/5/2026,228,,325.01,error: undefined method `first' for nil:NilClass,Poland
,229,8/6/2026,229,1,647.98,error: undefined method `first' for nil:NilClass,Colombia
1230,230,8/2/2026,230,12,618.18,error: undefined method `first' for nil:NilClass,Ukraine
1231,,8/4/2026,231,18,687.81,error: undefined method `first' for nil:NilClass,Tanzania
1232,232,8/3/2026,232,13,777.01,error: undefined method `first' for nil:NilClass,Ukraine
1233,233,8/5/2026,233,2,105.83,error: undefined method `first' for nil:NilClass,Portugal
1234,234,8/5/2026,234,13,879.15,error: undefined method `first' for nil:NilClass,Samoa
1235,235,8/1/2026,235,1,621.51,error: undefined method `first' for nil:NilClass,Philippines
1236,236,8/7/2026,236,6,52.66,error: undefined method `first' for nil:NilClass,Ukraine
1237,237,8/5/2026,237,17,520.77,error: undefined method `first' for nil:NilClass,Indonesia
1238,238,8/5/2026,238,10,669.1,error: undefined method `first' for nil:NilClass,Egypt
1239,239,,239,6,344.1,error: undefined method `first' for nil:NilClass,China
1240,240,8/5/2026,240,20,695.66,error: undefined method `first' for nil:NilClass,Philippines
1241,241,8/4/2026,241,8,329.98,error: undefined method `first' for nil:NilClass,Poland
1242,242,8/1/2026,242,5,406.01,error: undefined method `first' for nil:NilClass,China
1243,243,8/6/2026,243,13,951.22,,Indonesia
1244,244,8/5/2026,244,12,615.2,error: undefined method `first' for nil:NilClass,Russia
,,8/5/2026,245,9,795.24,error: undefined method `first' for nil:NilClass,Serbia
1246,246,8/6/2026,246,9,713.58,error: undefined method `first' for nil:NilClass,Peru
1247,247,8/2/2026,,3,14.7,error: undefined method `first' for nil:NilClass,Bosnia and Herzegovina
1248,248,8/2/2026,248,3,389.08,error: undefined method `first' for nil:NilClass,United States
1249,249,8/3/2026,249,14,108.49,error: undefined method `first' for nil:NilClass,China
1250,250,,250,13,797.22,error: undefined method `first' for nil:NilClass,Indonesia
1251,251,8/4/2026,251,19,828.68,error: undefined method `first' for nil:NilClass,China
1252,252,8/3/2026,252,,899.3,error: undefined method `first' for nil:NilClass,China
1253,253,8/3/2026,253,8,96.89,error: undefined method `first' for nil:NilClass,Indonesia
1254,254,8/6/2026,254,19,830.91,error: undefined method `first' for nil:NilClass,Philippines
1255,255,8/6/2026,255,10,309.99,error: undefined method `first' for nil:NilClass,Nigeria
1256,256,8/6/2026,256,9,198.22,error: undefined method `first' for nil:NilClass,Philippines
1257,257,8/4/2026,257,5,301.53,error: undefined method `first' for nil:NilClass,Portugal
1258,258,8/4/2026,258,20,441.6,error: undefined method `first' for nil:NilClass,Indonesia
1259,259,8/3/2026,259,,556.82,error: undefined method `first' for nil:NilClass,Czech Republic
1260,260,8/3/2026,260,11,362.59,error: undefined method `first' for nil:NilClass,Russia
1261,261,8/2/2026,261,13,668.14,error: undefined method `first' for nil:NilClass,Indonesia
1262,262,8/2/2026,262,3,956.59,error: undefined method `first' for nil:NilClass,Indonesia
1263,263,8/5/2026,263,2,436.83,error: undefined method `first' for nil:NilClass,Syria
1264,264,8/4/2026,264,16,997.69,error: undefined method `first' for nil:NilClass,China
1265,265,8/7/2026,265,15,437.87,error: undefined method `first' for nil:NilClass,Philippines
1266,266,8/2/2026,266,5,827.48,error: undefined method `first' for nil:NilClass,Brazil
1267,267,8/1/2026,267,11,482.51,error: undefined method `first' for nil:NilClass,Namibia
1268,268,8/1/2026,268,12,960.73,error: undefined method `first' for nil:NilClass,China
,269,8/2/2026,269,18,415.26,error: undefined method `first' for nil:NilClass,Peru
1270,270,8/1/2026,270,15,37.07,error: undefined method `first' for nil:NilClass,Czech Republic
1271,271,8/2/2026,271,2,76.52,error: undefined method `first' for nil:NilClass,Philippines
1272,272,8/1/2026,272,6,961.86,error: undefined method `first' for nil:NilClass,China
,273,8/7/2026,273,16,381.3,error: undefined method `first' for nil:NilClass,Peru
1274,274,8/1/2026,274,5,133.87,error: undefined method `first' for nil:NilClass,Greece
1275,275,8/6/2026,275,18,789.94,error: undefined method `first' for nil:NilClass,Armenia
1276,276,8/4/2026,276,4,590.68,error: undefined method `first' for nil:NilClass,Tanzania
1277,277,8/6/2026,277,20,458.63,error: undefined method `first' for nil:NilClass,Philippines
1278,278,8/5/2026,278,8,394.86,error: undefined method `first' for nil:NilClass,Cape Verde
1279,279,8/7/2026,279,17,2.51,error: undefined method `first' for nil:NilClass,China
1280,280,8/5/2026,280,1,281.8,error: undefined method `first' for nil:NilClass,Ivory Coast
1281,281,8/4/2026,281,8,257.37,error: undefined method `first' for nil:NilClass,Democratic Republic of the Congo
1282,282,,282,12,122.37,error: undefined method `first' for nil:NilClass,Russia
1283,283,8/1/2026,283,3,223.84,error: undefined method `first' for nil:NilClass,Guinea
1284,284,8/3/2026,284,20,100.53,error: undefined method `first' for nil:NilClass,Philippines
1285,,8/7/2026,285,20,744.17,error: undefined method `first' for nil:NilClass,Indonesia
1286,286,,286,7,179.89,error: undefined method `first' for nil:NilClass,Vietnam
1287,287,8/6/2026,287,13,615.71,error: undefined method `first' for nil:NilClass,Macedonia
1288,288,8/6/2026,288,12,623.4,error: undefined method `first' for nil:NilClass,Portugal
,289,8/4/2026,289,18,,error: undefined method `first' for nil:NilClass,Croatia
1290,290,8/7/2026,290,16,48.77,error: undefined method `first' for nil:NilClass,China
1291,291,8/5/2026,291,9,773.4,,Dominican Republic
1292,292,8/7/2026,292,12,293.32,error: undefined method `first' for nil:NilClass,Poland
1293,293,8/6/2026,293,11,344.61,error: undefined method `first' for nil:NilClass,Japan
1294,294,,294,6,291.79,error: undefined method `first' for nil:NilClass,Indonesia
1295,295,8/6/2026,295,5,467.34,error: undefined method `first' for nil:NilClass,China
1296,296,8/3/2026,296,14,449.66,error: undefined method `first' for nil:NilClass,
1297,297,8/1/2026,297,17,206.0,error: undefined method `first' for nil:NilClass,Russia
1298,298,8/3/2026,298,2,201.83,error: undefined method `first' for nil:NilClass,Indonesia
1299,299,8/7/2026,299,16,23.92,error: undefined method `first' for nil:NilClass,Russia
,300,8/3/2026,300,20,197.5,error: undefined method `first' for nil:NilClass,Afghanistan
1301,301,,301,4,50.03,error: undefined method `first' for nil:NilClass,Kazakhstan
1302,302,8/2/2026,302,6,914.96,error: undefined method `first' for nil:NilClass,
1303,303,8/2/2026,303,11,424.14,error: undefined method `first' for nil:NilClass,Canada
1304,304,8/5/2026,304,20,297.8,error: undefined method `first' for nil:NilClass,Indonesia
1305,305,8/3/2026,305,14,388.66,error: undefined method `first' for nil:NilClass,Germany
1306,306,8/7/2026,306,16,,error: undefined method `first' for nil:NilClass,Portugal
1307,307,8/6/2026,307,1,610.66,error: undefined method `first' for nil:NilClass,China
1308,308,8/3/2026,308,12,272.42,error: undefined method `first' for nil:NilClass,Japan
1309,309,8/1/2026,309,7,211.78,error: undefined method `first' for nil:NilClass,Poland
1310,310,8/6/2026,310,15,667.23,error: undefined method `first' for nil:NilClass,Philippines
1311,311,8/4/2026,311,10,695.6,error: undefined method `first' for nil:NilClass,
1312,312,8/7/2026,312,19,84.73,error: undefined method `first' for nil:NilClass,Indonesia
1313,313,8/6/2026,313,17,991.44,error: undefined method `first' for nil:NilClass,France
1314,314,8/3/2026,314,2,,error: undefined method `first' for nil:NilClass,Iran
1315,315,8/6/2026,315,8,96.7,error: undefined method `first' for nil:NilClass,Guinea
1316,316,8/4/2026,316,17,267.07,error: undefined method `first' for nil:NilClass,Latvia
1317,317,8/6/2026,317,2,655.86,error: undefined method `first' for nil:NilClass,Japan
1318,318,8/3/2026,318,12,19.99,error: undefined method `first' for nil:NilClass,Greece
1319,319,8/1/2026,319,17,847.6,error: undefined method `first' for nil:NilClass,Russia
1320,320,8/3/2026,320,3,294.11,error: undefined method `first' for nil:NilClass,Tajikistan
1321,321,8/5/2026,321,,153.46,error: undefined method `first' for nil:NilClass,China
1322,322,8/1/2026,322,12,490.7,error: undefined method `first' for nil:NilClass,Mexico
1323,323,8/7/2026,323,3,772.33,error: undefined method `first' for nil:NilClass,Kosovo
1324,324,8/4/2026,324,18,756.52,error: undefined method `first' for nil:NilClass,Indonesia
1325,325,8/3/2026,325,8,612.0,error: undefined method `first' for nil:NilClass,
1326,326,8/5/2026,326,10,1.03,error: undefined method `first' for nil:NilClass,Indonesia
1327,327,8/2/2026,327,16,684.07,error: undefined method `first' for nil:NilClass,Pakistan
1328,328,8/2/2026,328,4,786.42,error: undefined method `first' for nil:NilClass,Greece
1329,329,8/1/2026,329,1,377.98,,Indonesia
1330,330,8/6/2026,330,4,281.98,error: undefined method `first' for nil:NilClass,Indonesia
1331,331,8/1/2026,331,8,146.35,error: undefined method `first' for nil:NilClass,Russia
1332,332,8/7/2026,332,19,465.17,error: undefined method `first' for nil:NilClass,Luxembourg
,333,8/4/2026,333,12,822.97,error: undefined method `first' for nil:NilClass,Nigeria
1334,334,8/4/2026,334,12,645.4,error: undefined method `first' for nil:NilClass,Palestinian Territory
1335,335,8/2/2026,335,4,862.11,error: undefined method `first' for nil:NilClass,France
1336,336,8/5/2026,336,5,416.78,error: undefined method `first' for nil:NilClass,Namibia
1337,337,8/6/2026,337,5,639.33,error: undefined method `first' for nil:NilClass,Cambodia
1338,338,8/6/2026,338,17,207.09,error: undefined method `first' for nil:NilClass,Indonesia
1339,339,8/5/2026,339,16,407.95,error: undefined method `first' for nil:NilClass,China
1340,340,8/4/2026,340,17,,error: undefined method `first' for nil:NilClass,China
1341,341,8/4/2026,341,4,481.91,error: undefined method `first' for nil:NilClass,Vietnam
1342,342,8/3/2026,342,20,845.98,error: undefined method `first' for nil:NilClass,United States
,343,8/7/2026,343,,79.64,error: undefined method `first' for nil:NilClass,Indonesia
1344,344,8/3/2026,344,17,413.6,error: undefined method `first' for nil:NilClass,France
1345,345,8/7/2026,345,12,833.31,error: undefined method `first' for nil:NilClass,Serbia
1346,346,8/3/2026,346,1,811.67,error: undefined method `first' for nil:NilClass,Russia
1347,347,8/1/2026,347,7,526.19,error: undefined method `first' for nil:NilClass,Sweden
1348,348,8/1/2026,348,16,223.06,error: undefined method `first' for nil:NilClass,El Salvador
1349,349,8/2/2026,349,4,32.3,error: undefined method `first' for nil:NilClass,Vietnam
1350,350,8/2/2026,350,7,873.97,error: undefined method `first' for nil:NilClass,Poland
1351,351,8/5/2026,351,2,718.81,error: undefined method `first' for nil:NilClass,
1352,352,8/4/2026,352,12,604.91,error: undefined method `first' for nil:NilClass,Indonesia
1353,353,,353,18,781.1,error: undefined method `first' for nil:NilClass,Philippines
1354,354,8/4/2026,354,17,454.69,error: undefined method `first' for nil:NilClass,Indonesia
1355,355,8/4/2026,355,,603.66,error: undefined method `first' for nil:NilClass,Colombia
1356,356,8/6/2026,356,6,933.77,error: undefined method `first' for nil:NilClass,Indonesia
1357,357,8/3/2026,357,11,623.47,error: undefined method `first' for nil:NilClass,Russia
1358,358,8/7/2026,358,15,411.41,error: undefined method `first' for nil:NilClass,France
1359,359,8/4/2026,359,17,986.73,error: undefined method `first' for nil:NilClass,Indonesia
1360,360,8/7/2026,360,8,825.66,error: undefined method `first' for nil:NilClass,Indonesia
1361,361,8/7/2026,361,4,644.95,error: undefined method `first' for nil:NilClass,China
1362,362,8/4/2026,362,20,361.76,error: undefined method `first' for nil:NilClass,Canada
1363,363,8/1/2026,363,11,817.55,error: undefined method `first' for nil:NilClass,Sweden
1364,364,8/1/2026,364,,494.04,error: undefined method `first' for nil:NilClass,Russia
1365,365,,365,7,285.22,error: undefined method `first' for nil:NilClass,Russia
1366,366,8/5/2026,366,3,411.69,error: undefined method `first' for nil:NilClass,Azerbaijan
1367,367,8/5/2026,367,12,83.37,error: undefined method `first' for nil:NilClass,Serbia
1368,368,8/7/2026,368,1,868.3,,South Korea
1369,369,8/5/2026,369,13,281.71,error: undefined method `first' for nil:NilClass,Peru
1370,370,8/6/2026,370,19,821.97,error: undefined method `first' for nil:NilClass,China
1371,371,8/2/2026,371,17,77.62,error: undefined method `first' for nil:NilClass,France
1372,372,8/3/2026,372,4,208.88,error: undefined method `first' for nil:NilClass,Philippines
1373,373,8/6/2026,373,3,617.45,error: undefined method `first' for nil:NilClass,Poland
1374,374,8/5/2026,374,12,863.6,error: undefined method `first' for nil:NilClass,Honduras
1375,375,8/7/2026,375,14,892.13,error: undefined method `first' for nil:NilClass,Philippines
1376,,8/2/2026,376,5,660.25,error: undefined method `first' for nil:NilClass,Mauritius
1377,377,8/6/2026,377,15,442.29,error: undefined method `first' for nil:NilClass,Russia
1378,378,8/1/2026,378,7,808.24,error: undefined method `first' for nil:NilClass,Kazakhstan
1379,379,8/7/2026,379,19,502.19,error: undefined method `first' for nil:NilClass,China
1380,380,8/2/2026,380,13,145.23,error: undefined method `first' for nil:NilClass,Russia
1381,381,8/5/2026,381,18,100.49,error: undefined method `first' for nil:NilClass,
1382,382,8/1/2026,382,8,812.65,error: undefined method `first' for nil:NilClass,Macedonia
1383,383,8/1/2026,383,10,766.71,error: undefined method `first' for nil:NilClass,United States
1384,384,8/7/2026,384,20,311.3,error: undefined method `first' for nil:NilClass,Sweden
1385,385,8/5/2026,385,19,615.25,error: undefined method `first' for nil:NilClass,China
1386,386,8/3/2026,386,16,885.76,error: undefined method `first' for nil:NilClass,China
,387,8/5/2026,387,3,645.86,error: undefined method `first' for nil:NilClass,Poland
1388,388,8/2/2026,388,19,505.88,error: undefined method `first' for nil:NilClass,China
1389,389,8/3/2026,389,6,138.82,error: undefined method `first' for nil:NilClass,Norway
1390,390,,390,9,388.11,error: undefined method `first' for nil:NilClass,Brazil
1391,391,8/1/2026,391,3,720.97,error: undefined method `first' for nil:NilClass,Indonesia
1392,392,8/5/2026,392,16,276.32,error: undefined method `first' for nil:NilClass,Iraq
1393,393,8/7/2026,393,8,70.59,error: undefined method `first' for nil:NilClass,Russia
1394,394,8/6/2026,394,4,318.7,error: undefined method `first' for nil:NilClass,Japan
1395,,8/2/2026,395,14,461.69,error: undefined method `first' for nil:NilClass,China
1396,396,8/3/2026,396,18,609.3,error: undefined method `first' for nil:NilClass,China
1397,397,8/4/2026,397,6,82.82,error: undefined method `first' for nil:NilClass,Portugal
1398,398,8/6/2026,398,12,679.9,error: undefined method `first' for nil:NilClass,Indonesia
1399,399,8/4/2026,399,16,739.74,error: undefined method `first' for nil:NilClass,Armenia
1400,400,8/3/2026,400,1,372.29,error: undefined method `first' for nil:NilClass,Angola
1401,401,8/2/2026,401,15,92.39,error: undefined method `first' for nil:NilClass,Brazil
1402,402,8/7/2026,402,1,776.24,error: undefined method `first' for nil:NilClass,China
1403,403,8/5/2026,403,19,758.37,error: undefined method `first' for nil:NilClass,Russia
1404,404,8/3/2026,404,17,979.86,error: undefined method `first' for nil:NilClass,Sweden
1405,405,8/7/2026,,10,86.35,error: undefined method `first' for nil:NilClass,Jordan
1406,406,8/7/2026,406,2,124.65,error: undefined method `first' for nil:NilClass,
1407,407,8/5/2026,407,15,433.78,error: undefined method `first' for nil:NilClass,Greece
1408,408,8/1/2026,408,15,94.47,error: undefined method `first' for nil:NilClass,Japan
1409,409,8/2/2026,409,2,790.29,error: undefined method `first' for nil:NilClass,Norway
1410,410,8/3/2026,410,16,236.82,error: undefined method `first' for nil:NilClass,Portugal
1411,411,8/7/2026,411,15,790.16,error: undefined method `first' for nil:NilClass,Mongolia
1412,412,8/1/2026,412,9,687.17,error: undefined method `first' for nil:NilClass,China
1413,413,8/4/2026,413,19,727.13,error: undefined method `first' for nil:NilClass,Philippines
1414,414,8/3/2026,414,11,509.62,error: undefined method `first' for nil:NilClass,Colombia
1415,415,8/7/2026,415,11,319.08,error: undefined method `first' for nil:NilClass,United States
1416,416,,416,2,749.14,error: undefined method `first' for nil:NilClass,Saint Lucia
1417,417,8/5/2026,,3,629.01,error: undefined method `first' for nil:NilClass,Indonesia
1418,,8/2/2026,418,8,831.78,error: undefined method `first' for nil:NilClass,Poland
1419,419,8/6/2026,419,19,840.62,error: undefined method `first' for nil:NilClass,Philippines
1420,,,420,14,658.86,error: undefined method `first' for nil:NilClass,Armenia
1421,421,8/4/2026,421,12,994.22,,Estonia
,422,8/2/2026,422,14,14.86,error: undefined method `first' for nil:NilClass,Bosnia and Herzegovina
1423,423,,423,10,549.2,error: undefined method `first' for nil:NilClass,Mongolia
1424,424,8/1/2026,424,12,566.26,error: undefined method `first' for nil:NilClass,Sweden
1425,425,8/4/2026,425,8,11.31,error: undefined method `first' for nil:NilClass,Netherlands
1426,426,8/7/2026,426,,979.81,error: undefined method `first' for nil:NilClass,Portugal
1427,427,8/3/2026,427,18,629.45,error: undefined method `first' for nil:NilClass,Malta
1428,428,8/6/2026,428,7,190.3,error: undefined method `first' for nil:NilClass,Philippines
1429,429,8/2/2026,429,20,23.04,error: undefined method `first' for nil:NilClass,China
1430,430,8/3/2026,430,20,77.96,error: undefined method `first' for nil:NilClass,China
1431,431,8/6/2026,431,4,412.74,error: undefined method `first' for nil:NilClass,Czech Republic
1432,432,8/7/2026,432,15,226.27,error: undefined method `first' for nil:NilClass,Philippines
1433,433,,433,8,627.89,error: undefined method `first' for nil:NilClass,Indonesia
1434,434,,434,11,760.83,error: undefined method `first' for nil:NilClass,
1435,435,8/5/2026,,14,763.36,error: undefined method `first' for nil:NilClass,Ireland
1436,436,8/2/2026,436,10,427.12,error: undefined method `first' for nil:NilClass,Moldova
1437,437,8/4/2026,437,18,882.08,error: undefined method `first' for nil:NilClass,Madagascar
1438,438,8/7/2026,438,13,874.37,error: undefined method `first' for nil:NilClass,Finland
1439,439,8/3/2026,439,1,244.86,error: undefined method `first' for nil:NilClass,Russia
1440,440,8/7/2026,440,20,267.16,error: undefined method `first' for nil:NilClass,China
1441,441,8/1/2026,441,16,876.66,error: undefined method `first' for nil:NilClass,Philippines
1442,442,8/5/2026,442,6,287.68,error: undefined method `first' for nil:NilClass,Latvia
1443,443,8/3/2026,443,4,823.98,error: undefined method `first' for nil:NilClass,
1444,444,8/7/2026,444,4,133.14,error: undefined method `first' for nil:NilClass,United States
1445,445,8/2/2026,445,5,445.37,error: undefined method `first' for nil:NilClass,Indonesia
1446,446,8/5/2026,446,7,692.02,error: undefined method `first' for nil:NilClass,Russia
1447,447,8/1/2026,447,19,53.36,error: undefined method `first' for nil:NilClass,Canada
1448,448,8/6/2026,448,15,975.51,error: undefined method `first' for nil:NilClass,Mongolia
1449,449,8/7/2026,449,11,670.26,error: undefined method `first' for nil:NilClass,Portugal
1450,450,8/4/2026,450,20,308.49,error: undefined method `first' for nil:NilClass,Indonesia
1451,451,,,7,517.7,error: undefined method `first' for nil:NilClass,China
1452,452,8/4/2026,452,5,729.26,error: undefined method `first' for nil:NilClass,Morocco
1453,453,8/3/2026,453,19,186.07,error: undefined method `first' for nil:NilClass,Armenia
1454,454,8/2/2026,454,16,506.71,error: undefined method `first' for nil:NilClass,
1455,455,8/6/2026,455,5,350.22,,Guadeloupe
1456,456,,456,4,273.1,error: undefined method `first' for nil:NilClass,United States
1457,457,8/7/2026,457,,869.62,error: undefined method `first' for nil:NilClass,Albania
1458,458,8/3/2026,458,3,449.62,error: undefined method `first' for nil:NilClass,Macedonia
1459,459,,459,,808.9,error: undefined method `first' for nil:NilClass,Palestinian Territory
1460,460,,460,13,827.36,,Philippines
1461,461,8/3/2026,461,5,178.91,error: undefined method `first' for nil:NilClass,China
1462,462,,462,14,394.81,error: undefined method `first' for nil:NilClass,Indonesia
1463,463,8/2/2026,463,2,590.18,error: undefined method `first' for nil:NilClass,Angola
1464,464,8/3/2026,464,3,895.75,error: undefined method `first' for nil:NilClass,China
1465,465,8/2/2026,465,4,595.97,error: undefined method `first' for nil:NilClass,
1466,466,8/1/2026,466,15,979.61,error: undefined method `first' for nil:NilClass,France
1467,467,8/2/2026,467,11,374.56,error: undefined method `first' for nil:NilClass,Poland
1468,468,8/2/2026,468,20,422.14,error: undefined method `first' for nil:NilClass,
1469,469,8/3/2026,469,3,695.22,error: undefined method `first' for nil:NilClass,China
1470,470,8/3/2026,470,3,587.33,error: undefined method `first' for nil:NilClass,China
1471,471,8/5/2026,471,18,983.35,error: undefined method `first' for nil:NilClass,China
1472,472,8/7/2026,472,5,762.3,error: undefined method `first' for nil:NilClass,China
1473,473,8/6/2026,473,10,657.67,error: undefined method `first' for nil:NilClass,Indonesia
1474,474,8/7/2026,474,11,633.72,error: undefined method `first' for nil:NilClass,Colombia
1475,475,8/2/2026,475,20,817.51,error: undefined method `first' for nil:NilClass,South Africa
1476,476,8/4/2026,476,2,410.36,error: undefined method `first' for nil:NilClass,Peru
1477,477,8/3/2026,477,19,827.24,error: undefined method `first' for nil:NilClass,France
1478,478,8/7/2026,478,19,384.57,error: undefined method `first' for nil:NilClass,Netherlands
1479,479,8/6/2026,479,4,141.83,error: undefined method `first' for nil:NilClass,France
1480,480,8/4/2026,480,10,643.83,error: undefined method `first' for nil:NilClass,France
1481,481,8/1/2026,481,,858.22,error: undefined method `first' for nil:NilClass,Poland
1482,482,8/3/2026,482,1,742.93,error: undefined method `first' for nil:NilClass,Indonesia
,483,8/2/2026,483,14,662.11,error: undefined method `first' for nil:NilClass,Palestinian Territory
1484,484,8/4/2026,484,8,39.53,error: undefined method `first' for nil:NilClass,Venezuela
1485,485,8/5/2026,485,2,,error: undefined method `first' for nil:NilClass,Indonesia
1486,486,8/3/2026,486,16,581.86,error: undefined method `first' for nil:NilClass,
1487,487,8/7/2026,487,1,697.33,error: undefined method `first' for nil:NilClass,Greece
1488,488,8/4/2026,488,6,721.17,error: undefined method `first' for nil:NilClass,Portugal
1489,489,8/7/2026,489,6,72.15,error: undefined method `first' for nil:NilClass,China
1490,490,8/2/2026,490,15,850.65,error: undefined method `first' for nil:NilClass,
1491,491,8/3/2026,491,4,550.87,error: undefined method `first' for nil:NilClass,Russia
1492,492,8/3/2026,492,15,657.14,error: undefined method `first' for nil:NilClass,Russia
1493,493,8/5/2026,493,4,561.98,error: undefined method `first' for nil:NilClass,China
1494,494,8/5/2026,494,16,170.26,error: undefined method `first' for nil:NilClass,Pakistan
1495,495,8/3/2026,495,17,114.39,error: undefined method `first' for nil:NilClass,Brazil
1496,496,8/6/2026,496,2,211.53,error: undefined method `first' for nil:NilClass,Greece
1497,497,8/7/2026,497,20,931.26,error: undefined method `first' for nil:NilClass,Russia
1498,498,8/1/2026,498,14,556.28,,Mongolia
1499,499,8/6/2026,499,8,153.29,error: undefined method `first' for nil:NilClass,Indonesia
1500,500,8/4/2026,500,1,12.39,error: undefined method `first' for nil:NilClass,China
1501,501,8/1/2026,501,18,721.45,error: undefined method `first' for nil:NilClass,Brazil
1502,502,8/7/2026,502,20,449.83,error: undefined method `first' for nil:NilClass,China
1503,503,8/5/2026,503,9,802.79,error: undefined method `first' for nil:NilClass,Guatemala
1504,504,8/3/2026,504,15,705.32,error: undefined method `first' for nil:NilClass,Portugal
1505,505,8/4/2026,505,17,187.81,error: undefined method `first' for nil:NilClass,Ukraine
1506,506,8/4/2026,506,2,417.98,error: undefined method `first' for nil:NilClass,Iran
1507,507,8/7/2026,507,10,766.36,,Japan
1508,508,8/7/2026,508,15,,error: undefined method `first' for nil:NilClass,Guatemala
1509,509,8/5/2026,509,11,890.88,error: undefined method `first' for nil:NilClass,Ukraine
1510,510,8/2/2026,510,8,232.13,error: undefined method `first' for nil:NilClass,Bosnia and Herzegovina
1511,511,8/1/2026,511,16,71.9,error: undefined method `first' for nil:NilClass,Peru
1512,512,8/1/2026,512,,215.94,error: undefined method `first' for nil:NilClass,China
1513,513,8/7/2026,513,12,238.6,error: undefined method `first' for nil:NilClass,China
1514,514,8/4/2026,514,7,974.16,error: undefined method `first' for nil:NilClass,Guatemala
1515,515,8/3/2026,515,14,597.36,error: undefined method `first' for nil:NilClass,Sweden
1516,516,8/4/2026,516,4,31.09,error: undefined method `first' for nil:NilClass,Indonesia
1517,517,8/5/2026,,10,827.82,error: undefined method `first' for nil:NilClass,France
1518,518,8/6/2026,518,18,51.81,error: undefined method `first' for nil:NilClass,Indonesia
1519,519,8/6/2026,519,13,785.42,error: undefined method `first' for nil:NilClass,Czech Republic
1520,520,8/7/2026,520,17,493.08,error: undefined method `first' for nil:NilClass,Venezuela
1521,521,8/6/2026,521,14,748.77,error: undefined method `first' for nil:NilClass,Russia
1522,522,8/3/2026,522,10,250.86,error: undefined method `first' for nil:NilClass,China
1523,523,8/6/2026,523,4,261.93,error: undefined method `first' for nil:NilClass,Philippines
1524,524,8/2/2026,524,18,693.35,error: undefined method `first' for nil:NilClass,Gambia
1525,525,8/1/2026,525,2,,error: undefined method `first' for nil:NilClass,China
1526,526,8/4/2026,526,14,817.82,error: undefined method `first' for nil:NilClass,Kuwait
1527,527,8/3/2026,527,18,785.44,error: undefined method `first' for nil:NilClass,
1528,528,8/5/2026,528,19,220.05,error: undefined method `first' for nil:NilClass,
1529,529,8/5/2026,529,14,835.11,error: undefined method `first' for nil:NilClass,Sweden
1530,530,8/1/2026,530,16,405.5,error: undefined method `first' for nil:NilClass,Ukraine
1531,531,8/5/2026,531,7,686.69,error: undefined method `first' for nil:NilClass,Slovenia
1532,532,8/5/2026,532,16,541.26,error: undefined method `first' for nil:NilClass,China
1533,533,8/1/2026,533,9,442.74,error: undefined method `first' for nil:NilClass,Indonesia
1534,534,8/5/2026,534,6,499.75,error: undefined method `first' for nil:NilClass,Indonesia
1535,535,8/5/2026,535,10,75.54,error: undefined method `first' for nil:NilClass,France
1536,536,8/5/2026,536,20,259.86,error: undefined method `first' for nil:NilClass,Argentina
1537,537,8/1/2026,537,17,926.55,error: undefined method `first' for nil:NilClass,Brazil
1538,538,8/5/2026,538,17,676.06,error: undefined method `first' for nil:NilClass,China
1539,539,8/4/2026,539,8,864.99,error: undefined method `first' for nil:NilClass,Indonesia
1540,540,8/4/2026,540,15,331.44,error: undefined method `first' for nil:NilClass,Portugal
1541,541,8/2/2026,541,8,931.86,error: undefined method `first' for nil:NilClass,Indonesia
1542,542,8/2/2026,542,5,800.27,error: undefined method `first' for nil:NilClass,China
1543,543,8/5/2026,543,19,240.76,error: undefined method `first' for nil:NilClass,Honduras
1544,544,8/3/2026,544,1,140.19,error: undefined method `first' for nil:NilClass,Ukraine
1545,545,8/6/2026,545,19,616.69,error: undefined method `first' for nil:NilClass,China
1546,546,8/6/2026,546,7,97.54,error: undefined method `first' for nil:NilClass,United States
1547,547,8/5/2026,547,12,801.82,error: undefined method `first' for nil:NilClass,
1548,548,8/3/2026,548,2,375.27,error: undefined method `first' for nil:NilClass,France
1549,,8/6/2026,549,7,181.0,error: undefined method `first' for nil:NilClass,Albania
1550,550,,550,19,985.91,error: undefined method `first' for nil:NilClass,Bulgaria
1551,551,8/5/2026,551,14,584.44,error: undefined method `first' for nil:NilClass,North Korea
1552,552,8/4/2026,552,2,436.32,error: undefined method `first' for nil:NilClass,Greece
1553,553,8/6/2026,553,18,220.49,error: undefined method `first' for nil:NilClass,China
1554,554,8/1/2026,554,19,11.18,error: undefined method `first' for nil:NilClass,Thailand
1555,555,8/4/2026,555,15,802.43,error: undefined method `first' for nil:NilClass,China
1556,556,8/7/2026,556,11,165.33,error: undefined method `first' for nil:NilClass,Brazil
1557,557,8/6/2026,557,8,955.7,error: undefined method `first' for nil:NilClass,Mexico
1558,558,8/3/2026,558,18,927.73,error: undefined method `first' for nil:NilClass,Spain
1559,559,8/4/2026,559,20,440.79,error: undefined method `first' for nil:NilClass,China
1560,560,8/1/2026,560,13,599.11,error: undefined method `first' for nil:NilClass,Colombia
1561,561,8/2/2026,561,14,736.49,error: undefined method `first' for nil:NilClass,Serbia
1562,562,8/2/2026,562,13,,error: undefined method `first' for nil:NilClass,United States
1563,563,8/4/2026,563,11,827.11,error: undefined method `first' for nil:NilClass,Vietnam
1564,564,8/6/2026,564,19,91.33,error: undefined method `first' for nil:NilClass,Venezuela
1565,565,8/5/2026,565,10,587.33,error: undefined method `first' for nil:NilClass,China
1566,566,8/7/2026,566,10,,error: undefined method `first' for nil:NilClass,United States
1567,567,8/7/2026,567,19,507.06,error: undefined method `first' for nil:NilClass,Colombia
1568,568,8/7/2026,568,10,500.83,error: undefined method `first' for nil:NilClass,Morocco
1569,569,8/6/2026,569,8,202.46,error: undefined method `first' for nil:NilClass,Poland
1570,570,8/1/2026,570,12,100.32,error: undefined method `first' for nil:NilClass,Indonesia
1571,571,8/4/2026,571,10,770.24,error: undefined method `first' for nil:NilClass,Mongolia
1572,572,,572,14,27.17,error: undefined method `first' for nil:NilClass,Serbia
1573,573,8/4/2026,573,1,479.03,error: undefined method `first' for nil:NilClass,Sweden
1574,574,8/1/2026,574,6,979.03,error: undefined method `first' for nil:NilClass,Sweden
1575,575,8/3/2026,575,7,688.27,error: undefined method `first' for nil:NilClass,Brazil
1576,576,8/5/2026,576,16,370.22,error: undefined method `first' for nil:NilClass,Peru
1577,577,8/1/2026,,6,542.0,error: undefined method `first' for nil:NilClass,Portugal
1578,578,8/5/2026,578,19,84.96,error: undefined method `first' for nil:NilClass,Russia
1579,579,8/1/2026,579,5,639.37,error: undefined method `first' for nil:NilClass,Thailand
1580,580,8/7/2026,580,10,870.48,error: undefined method `first' for nil:NilClass,Germany
1581,581,8/2/2026,581,16,657.69,error: undefined method `first' for nil:NilClass,China
1582,582,8/2/2026,582,11,737.13,error: undefined method `first' for nil:NilClass,Netherlands
1583,583,8/2/2026,583,1,903.87,error: undefined method `first' for nil:NilClass,China
1584,584,8/6/2026,584,11,309.17,error: undefined method `first' for nil:NilClass,China
1585,585,8/6/2026,585,20,374.11,error: undefined method `first' for nil:NilClass,Ghana
1586,586,8/7/2026,586,5,667.47,error: undefined method `first' for nil:NilClass,Colombia
1587,587,8/2/2026,587,10,53.65,error: undefined method `first' for nil:NilClass,China
1588,588,8/4/2026,588,20,736.38,error: undefined method `first' for nil:NilClass,Thailand
1589,589,8/3/2026,589,11,431.18,error: undefined method `first' for nil:NilClass,Philippines
1590,590,8/1/2026,590,18,279.09,error: undefined method `first' for nil:NilClass,Greece
,591,8/5/2026,591,11,,error: undefined method `first' for nil:NilClass,France
1592,592,8/3/2026,592,18,179.92,error: undefined method `first' for nil:NilClass,Mexico
1593,593,8/5/2026,593,1,10.87,error: undefined method `first' for nil:NilClass,Canada
1594,594,8/4/2026,594,16,,error: undefined method `first' for nil:NilClass,United States
1595,595,8/3/2026,595,,,error: undefined method `first' for nil:NilClass,China
1596,596,8/3/2026,596,11,,error: undefined method `first' for nil:NilClass,Portugal
1597,,8/2/2026,597,1,783.4,error: undefined method `first' for nil:NilClass,Indonesia
1598,598,8/1/2026,,4,514.06,error: undefined method `first' for nil:NilClass,Syria
1599,599,8/5/2026,599,13,114.79,error: undefined method `first' for nil:NilClass,Iran
1600,600,8/2/2026,600,16,740.62,error: undefined method `first' for nil:NilClass,Vietnam
1601,601,8/7/2026,601,14,971.0,error: undefined method `first' for nil:NilClass,Colombia
1602,602,8/1/2026,602,12,633.59,error: undefined method `first' for nil:NilClass,
1603,603,8/1/2026,603,14,993.04,error: undefined method `first' for nil:NilClass,Japan
1604,604,8/6/2026,,20,585.73,error: undefined method `first' for nil:NilClass,Slovenia
1605,605,8/4/2026,605,16,519.49,error: undefined method `first' for nil:NilClass,China
1606,606,8/3/2026,606,1,576.58,,Philippines
1607,607,8/5/2026,607,,22.49,error: undefined method `first' for nil:NilClass,United States
1608,608,8/2/2026,,19,,error: undefined method `first' for nil:NilClass,Ethiopia
1609,609,8/1/2026,609,19,1.7,error: undefined method `first' for nil:NilClass,Portugal
1610,610,8/1/2026,610,7,866.67,error: undefined method `first' for nil:NilClass,Costa Rica
1611,611,8/2/2026,611,7,849.13,error: undefined method `first' for nil:NilClass,Nigeria
1612,612,8/4/2026,612,2,191.18,error: undefined method `first' for nil:NilClass,China
1613,613,8/7/2026,613,5,585.29,error: undefined method `first' for nil:NilClass,Czech Republic
,614,8/5/2026,614,8,,error: undefined method `first' for nil:NilClass,China
1615,615,8/2/2026,615,14,883.93,error: undefined method `first' for nil:NilClass,Philippines
1616,616,8/5/2026,,20,4.32,error: undefined method `first' for nil:NilClass,China
1617,617,8/2/2026,617,12,792.75,error: undefined method `first' for nil:NilClass,China
1618,618,8/1/2026,618,14,57.38,error: undefined method `first' for nil:NilClass,Armenia
1619,619,8/5/2026,619,12,959.45,error: undefined method `first' for nil:NilClass,Venezuela
1620,620,8/4/2026,620,18,376.59,error: undefined method `first' for nil:NilClass,Indonesia
1621,621,8/6/2026,621,1,221.47,error: undefined method `first' for nil:NilClass,Sweden
1622,622,8/2/2026,622,9,555.59,error: undefined method `first' for nil:NilClass,Sweden
1623,623,8/7/2026,623,3,157.49,error: undefined method `first' for nil:NilClass,Netherlands
1624,624,8/7/2026,624,6,63.41,error: undefined method `first' for nil:NilClass,China
1625,625,8/4/2026,625,15,506.24,,Afghanistan
1626,626,8/5/2026,626,10,99.59,error: undefined method `first' for nil:NilClass,United States
1627,627,8/6/2026,,11,771.79,error: undefined method `first' for nil:NilClass,Sierra Leone
1628,628,,628,13,141.24,error: undefined method `first' for nil:NilClass,Finland
1629,629,8/2/2026,629,5,94.06,error: undefined method `first' for nil:NilClass,Russia
1630,630,8/3/2026,,8,135.7,error: undefined method `first' for nil:NilClass,Costa Rica
1631,631,8/3/2026,631,14,516.81,error: undefined method `first' for nil:NilClass,China
1632,632,8/6/2026,632,8,260.11,error: undefined method `first' for nil:NilClass,Bangladesh
1633,633,8/2/2026,633,1,426.01,error: undefined method `first' for nil:NilClass,Yemen
1634,634,8/4/2026,634,3,848.6,error: undefined method `first' for nil:NilClass,Norway
1635,635,8/1/2026,635,3,125.57,error: undefined method `first' for nil:NilClass,Zambia
1636,636,8/2/2026,636,12,320.26,error: undefined method `first' for nil:NilClass,China
1637,637,8/3/2026,637,2,662.87,error: undefined method `first' for nil:NilClass,China
1638,638,8/6/2026,,4,120.24,error: undefined method `first' for nil:NilClass,Philippines
1639,639,8/4/2026,639,13,398.01,error: undefined method `first' for nil:NilClass,Morocco
1640,640,8/7/2026,640,16,431.08,error: undefined method `first' for nil:NilClass,Czech Republic
1641,641,8/6/2026,641,14,488.71,error: undefined method `first' for nil:NilClass,United Arab Emirates
1642,642,8/6/2026,,7,,error: undefined method `first' for nil:NilClass,Guatemala
1643,643,8/1/2026,643,5,151.28,error: undefined method `first' for nil:NilClass,Tajikistan
1644,644,8/4/2026,644,11,383.03,error: undefined method `first' for nil:NilClass,Portugal
1645,645,8/6/2026,645,10,392.79,error: undefined method `first' for nil:NilClass,Poland
1646,646,8/5/2026,646,20,101.76,error: undefined method `first' for nil:NilClass,Finland
1647,647,8/5/2026,647,8,3.27,error: undefined method `first' for nil:NilClass,Sri Lanka
1648,648,8/6/2026,648,4,219.88,error: undefined method `first' for nil:NilClass,Portugal
,649,8/6/2026,649,15,596.1,error: undefined method `first' for nil:NilClass,Portugal
1650,650,8/2/2026,650,10,349.0,error: undefined method `first' for nil:NilClass,China
1651,651,8/6/2026,651,6,505.02,error: undefined method `first' for nil:NilClass,Russia
1652,652,8/5/2026,652,14,356.01,error: undefined method `first' for nil:NilClass,Poland
1653,653,8/1/2026,653,11,717.18,error: undefined method `first' for nil:NilClass,Tunisia
1654,654,8/6/2026,654,15,647.41,error: undefined method `first' for nil:NilClass,Japan
1655,655,8/2/2026,655,1,23.42,error: undefined method `first' for nil:NilClass,China
1656,656,8/1/2026,656,15,431.32,error: undefined method `first' for nil:NilClass,China
1657,657,8/5/2026,657,6,121.56,error: undefined method `first' for nil:NilClass,Ukraine
1658,658,8/4/2026,658,,946.99,error: undefined method `first' for nil:NilClass,
1659,659,,659,4,571.26,error: undefined method `first' for nil:NilClass,Japan
1660,660,8/4/2026,660,5,521.62,error: undefined method `first' for nil:NilClass,
1661,661,8/5/2026,661,7,60.82,error: undefined method `first' for nil:NilClass,Serbia
1662,662,8/6/2026,662,6,323.96,error: undefined method `first' for nil:NilClass,Bolivia
1663,663,8/7/2026,663,11,528.36,error: undefined method `first' for nil:NilClass,Croatia
1664,664,8/6/2026,664,1,404.73,error: undefined method `first' for nil:NilClass,Spain
1665,665,8/7/2026,665,4,400.62,error: undefined method `first' for nil:NilClass,Chile
1666,666,8/4/2026,666,3,682.17,error: undefined method `first' for nil:NilClass,Bulgaria
1667,667,8/6/2026,667,10,404.7,error: undefined method `first' for nil:NilClass,Peru
1668,668,8/4/2026,668,9,362.33,error: undefined method `first' for nil:NilClass,Brazil
1669,669,8/4/2026,669,8,343.4,error: undefined method `first' for nil:NilClass,Sweden
,670,8/2/2026,670,20,98.27,error: undefined method `first' for nil:NilClass,Sweden
1671,671,8/3/2026,671,8,297.68,error: undefined method `first' for nil:NilClass,Philippines
1672,672,8/4/2026,672,18,613.67,error: undefined method `first' for nil:NilClass,Russia
1673,673,8/5/2026,673,18,688.44,error: undefined method `first' for nil:NilClass,Indonesia
1674,674,8/4/2026,674,7,794.92,error: undefined method `first' for nil:NilClass,Ukraine
1675,675,8/3/2026,675,1,918.76,error: undefined method `first' for nil:NilClass,Portugal
1676,676,8/4/2026,676,5,465.59,error: undefined method `first' for nil:NilClass,China
1677,677,8/4/2026,677,19,746.82,error: undefined method `first' for nil:NilClass,Portugal
1678,678,8/4/2026,678,19,920.05,error: undefined method `first' for nil:NilClass,Japan
1679,679,8/7/2026,679,1,659.67,error: undefined method `first' for nil:NilClass,Philippines
1680,680,8/7/2026,680,11,427.28,error: undefined method `first' for nil:NilClass,Pakistan
1681,681,8/7/2026,681,1,515.36,error: undefined method `first' for nil:NilClass,Tanzania
1682,682,8/1/2026,682,10,574.67,error: undefined method `first' for nil:NilClass,China
1683,683,8/1/2026,683,6,561.86,error: undefined method `first' for nil:NilClass,Russia
1684,684,8/3/2026,684,17,643.61,error: undefined method `first' for nil:NilClass,Zimbabwe
1685,685,8/6/2026,685,14,122.61,error: undefined method `first' for nil:NilClass,Czech Republic
1686,686,8/6/2026,686,14,179.58,error: undefined method `first' for nil:NilClass,Russia
1687,687,8/2/2026,687,13,629.73,error: undefined method `first' for nil:NilClass,Ukraine
1688,688,8/4/2026,688,9,780.36,error: undefined method `first' for nil:NilClass,Russia
1689,689,8/4/2026,689,18,501.1,error: undefined method `first' for nil:NilClass,Ukraine
1690,690,8/2/2026,,16,588.26,error: undefined method `first' for nil:NilClass,
1691,691,8/2/2026,691,2,800.52,error: undefined method `first' for nil:NilClass,Yemen
1692,692,8/6/2026,692,2,934.92,,Dominican Republic
1693,693,8/4/2026,693,3,950.85,error: undefined method `first' for nil:NilClass,Peru
1694,,8/1/2026,694,20,82.99,error: undefined method `first' for nil:NilClass,China
1695,695,,695,1,876.35,error: undefined method `first' for nil:NilClass,Sweden
1696,696,8/7/2026,696,15,726.35,error: undefined method `first' for nil:NilClass,Serbia
1697,697,8/5/2026,697,17,801.67,error: undefined method `first' for nil:NilClass,Indonesia
1698,698,8/1/2026,698,,129.16,error: undefined method `first' for nil:NilClass,Russia
1699,699,8/1/2026,699,18,23.74,error: undefined method `first' for nil:NilClass,Malaysia
1700,700,8/4/2026,700,9,995.2,error: undefined method `first' for nil:NilClass,Guatemala
1701,701,8/1/2026,701,8,983.53,error: undefined method `first' for nil:NilClass,Mongolia
1702,702,8/2/2026,702,7,551.31,error: undefined method `first' for nil:NilClass,Serbia
1703,703,8/3/2026,703,10,91.83,error: undefined method `first' for nil:NilClass,Botswana
1704,704,8/6/2026,704,19,566.93,error: undefined method `first' for nil:NilClass,Mozambique
,705,8/5/2026,705,11,864.7,error: undefined method `first' for nil:NilClass,Poland
,706,8/1/2026,706,12,528.26,error: undefined method `first' for nil:NilClass,Portugal
1707,707,8/3/2026,707,1,927.46,error: undefined method `first' for nil:NilClass,New Zealand
1708,708,8/3/2026,708,3,595.77,error: undefined method `first' for nil:NilClass,Indonesia
1709,709,8/1/2026,709,14,200.7,error: undefined method `first' for nil:NilClass,Indonesia
1710,710,8/2/2026,710,2,903.43,error: undefined method `first' for nil:NilClass,Kenya
1711,711,8/5/2026,711,12,706.22,error: undefined method `first' for nil:NilClass,China
1712,712,8/3/2026,712,19,260.15,error: undefined method `first' for nil:NilClass,China
1713,713,8/3/2026,713,6,210.05,error: undefined method `first' for nil:NilClass,
1714,714,8/1/2026,714,18,572.51,error: undefined method `first' for nil:NilClass,Afghanistan
1715,715,8/7/2026,715,8,837.89,error: undefined method `first' for nil:NilClass,Indonesia
1716,716,8/6/2026,716,19,586.13,error: undefined method `first' for nil:NilClass,Portugal
1717,717,,717,20,,error: undefined method `first' for nil:NilClass,Poland
1718,718,8/2/2026,718,2,745.26,error: undefined method `first' for nil:NilClass,Colombia
1719,719,8/1/2026,719,16,91.35,error: undefined method `first' for nil:NilClass,China
1720,720,8/1/2026,720,16,594.1,error: undefined method `first' for nil:NilClass,China
1721,721,8/2/2026,721,12,61.39,error: undefined method `first' for nil:NilClass,Jordan
1722,722,8/6/2026,722,18,77.92,error: undefined method `first' for nil:NilClass,Libya
1723,723,8/2/2026,723,12,249.08,error: undefined method `first' for nil:NilClass,
1724,724,8/3/2026,724,18,186.02,error: undefined method `first' for nil:NilClass,Philippines
,725,8/6/2026,725,11,56.68,error: undefined method `first' for nil:NilClass,Indonesia
1726,726,8/4/2026,726,13,865.35,error: undefined method `first' for nil:NilClass,Canada
1727,,8/1/2026,,3,56.57,error: undefined method `first' for nil:NilClass,Honduras
1728,728,8/6/2026,728,14,470.14,error: undefined method `first' for nil:NilClass,Serbia
1729,729,8/7/2026,729,18,291.15,error: undefined method `first' for nil:NilClass,
1730,730,8/3/2026,730,16,468.92,error: undefined method `first' for nil:NilClass,Russia
1731,731,8/2/2026,731,17,328.16,error: undefined method `first' for nil:NilClass,Portugal
1732,732,8/1/2026,732,5,971.95,error: undefined method `first' for nil:NilClass,Yemen
1733,733,8/5/2026,733,6,684.98,error: undefined method `first' for nil:NilClass,Bulgaria
1734,734,8/7/2026,734,12,589.48,error: undefined method `first' for nil:NilClass,Ivory Coast
1735,735,8/2/2026,735,17,633.79,error: undefined method `first' for nil:NilClass,Chile
1736,736,8/3/2026,736,16,863.2,error: undefined method `first' for nil:NilClass,Czech Republic
1737,737,8/6/2026,737,8,170.79,error: undefined method `first' for nil:NilClass,Philippines
1738,738,8/7/2026,738,15,665.32,error: undefined method `first' for nil:NilClass,Colombia
,739,8/7/2026,739,7,500.55,error: undefined method `first' for nil:NilClass,Ecuador
1740,740,8/2/2026,740,6,359.55,error: undefined method `first' for nil:NilClass,France
1741,741,8/1/2026,741,18,254.88,error: undefined method `first' for nil:NilClass,Russia
1742,742,8/2/2026,742,5,336.51,error: undefined method `first' for nil:NilClass,China
1743,743,8/2/2026,743,9,369.94,error: undefined method `first' for nil:NilClass,Portugal
1744,744,8/1/2026,744,10,353.77,error: undefined method `first' for nil:NilClass,Burkina Faso
1745,745,8/5/2026,745,11,198.51,error: undefined method `first' for nil:NilClass,Albania
1746,746,8/7/2026,746,1,3.06,error: undefined method `first' for nil:NilClass,Pakistan
1747,747,8/3/2026,747,15,408.54,error: undefined method `first' for nil:NilClass,Czech Republic
1748,748,8/6/2026,748,3,309.51,error: undefined method `first' for nil:NilClass,Indonesia
1749,749,8/5/2026,749,5,31.72,error: undefined method `first' for nil:NilClass,Indonesia
1750,750,8/5/2026,750,13,111.65,error: undefined method `first' for nil:NilClass,Finland
1751,751,8/7/2026,751,17,570.55,error: undefined method `first' for nil:NilClass,United States
1752,752,8/4/2026,752,12,517.85,error: undefined method `first' for nil:NilClass,Albania
1753,753,8/5/2026,753,17,176.89,error: undefined method `first' for nil:NilClass,Indonesia
1754,754,8/2/2026,754,9,798.33,error: undefined method `first' for nil:NilClass,Philippines
1755,755,8/6/2026,755,2,1.66,error: undefined method `first' for nil:NilClass,Philippines
1756,756,8/1/2026,756,14,8.89,error: undefined method `first' for nil:NilClass,China
1757,757,8/4/2026,757,5,111.68,error: undefined method `first' for nil:NilClass,Philippines
1758,758,8/2/2026,758,12,,error: undefined method `first' for nil:NilClass,Brazil
1759,759,8/5/2026,759,7,292.96,error: undefined method `first' for nil:NilClass,Ireland
1760,760,8/5/2026,760,15,874.35,error: undefined method `first' for nil:NilClass,Brazil
1761,761,8/6/2026,761,20,304.18,error: undefined method `first' for nil:NilClass,Poland
1762,762,8/3/2026,762,18,354.37,error: undefined method `first' for nil:NilClass,Philippines
,763,8/2/2026,763,15,697.0,error: undefined method `first' for nil:NilClass,China
1764,764,8/5/2026,764,18,,error: undefined method `first' for nil:NilClass,Peru
1765,765,8/5/2026,765,12,566.11,error: undefined method `first' for nil:NilClass,
1766,766,8/1/2026,766,17,506.01,error: undefined method `first' for nil:NilClass,China
1767,767,,767,20,759.33,error: undefined method `first' for nil:NilClass,China
1768,768,8/2/2026,768,11,618.87,error: undefined method `first' for nil:NilClass,Colombia
1769,769,8/5/2026,769,14,155.14,error: undefined method `first' for nil:NilClass,Indonesia
1770,770,8/2/2026,770,8,881.73,error: undefined method `first' for nil:NilClass,Mexico
1771,771,8/6/2026,771,9,459.97,error: undefined method `first' for nil:NilClass,Indonesia
1772,772,8/4/2026,772,,384.41,error: undefined method `first' for nil:NilClass,Croatia
,773,8/1/2026,773,1,634.24,error: undefined method `first' for nil:NilClass,Philippines
1774,774,8/6/2026,774,18,121.37,error: undefined method `first' for nil:NilClass,
1775,775,8/6/2026,775,18,418.31,error: undefined method `first' for nil:NilClass,Philippines
,776,8/1/2026,776,15,221.1,error: undefined method `first' for nil:NilClass,Poland
1777,777,8/2/2026,777,4,400.44,error: undefined method `first' for nil:NilClass,China
1778,778,8/4/2026,778,6,694.26,error: undefined method `first' for nil:NilClass,Azerbaijan
1779,779,8/6/2026,779,6,973.04,error: undefined method `first' for nil:NilClass,Brazil
1780,780,8/7/2026,780,15,107.26,error: undefined method `first' for nil:NilClass,China
1781,781,8/1/2026,781,16,270.02,error: undefined method `first' for nil:NilClass,
,782,8/7/2026,782,16,947.73,error: undefined method `first' for nil:NilClass,Sweden
1783,783,8/2/2026,783,7,565.92,error: undefined method `first' for nil:NilClass,Sweden
1784,784,8/1/2026,784,7,125.32,error: undefined method `first' for nil:NilClass,Norway
1785,785,8/6/2026,785,19,246.55,error: undefined method `first' for nil:NilClass,Indonesia
1786,786,8/5/2026,786,3,621.66,error: undefined method `first' for nil:NilClass,Indonesia
1787,787,8/1/2026,787,15,916.98,error: undefined method `first' for nil:NilClass,Russia
1788,788,8/6/2026,788,18,305.42,error: undefined method `first' for nil:NilClass,China
1789,789,8/6/2026,789,8,459.16,error: undefined method `first' for nil:NilClass,Ukraine
1790,790,8/6/2026,790,10,240.42,error: undefined method `first' for nil:NilClass,Egypt
1791,791,8/4/2026,791,14,50.06,error: undefined method `first' for nil:NilClass,Brazil
1792,792,8/7/2026,792,11,626.05,error: undefined method `first' for nil:NilClass,Russia
1793,793,8/2/2026,793,16,614.15,error: undefined method `first' for nil:NilClass,Portugal
1794,794,8/6/2026,794,4,143.24,error: undefined method `first' for nil:NilClass,Argentina
1795,795,8/1/2026,795,4,,error: undefined method `first' for nil:NilClass,Azerbaijan
1796,796,8/5/2026,796,9,673.6,error: undefined method `first' for nil:NilClass,Czech Republic
1797,797,8/3/2026,797,10,565.78,,
1798,798,8/2/2026,798,,404.84,error: undefined method `first' for nil:NilClass,China
1799,799,8/5/2026,799,1,334.64,error: undefined method `first' for nil:NilClass,China
1800,800,8/4/2026,800,15,537.13,error: undefined method `first' for nil:NilClass,Dominican Republic
1801,801,8/1/2026,801,18,705.77,error: undefined method `first' for nil:NilClass,China
1802,802,8/7/2026,802,17,265.28,error: undefined method `first' for nil:NilClass,Philippines
1803,803,8/2/2026,803,,529.62,error: undefined method `first' for nil:NilClass,Poland
1804,804,8/3/2026,804,2,269.71,error: undefined method `first' for nil:NilClass,Papua New Guinea
1805,805,8/1/2026,805,11,397.01,error: undefined method `first' for nil:NilClass,Nicaragua
1806,806,,806,6,141.69,,
1807,807,8/7/2026,807,6,877.83,error: undefined method `first' for nil:NilClass,
1808,808,8/1/2026,808,19,459.0,,Finland
1809,809,8/5/2026,809,9,591.02,error: undefined method `first' for nil:NilClass,Indonesia
1810,810,8/2/2026,810,15,779.07,error: undefined method `first' for nil:NilClass,Russia
1811,811,8/7/2026,811,15,439.4,error: undefined method `first' for nil:NilClass,Indonesia
1812,812,8/4/2026,812,10,922.61,error: undefined method `first' for nil:NilClass,
1813,813,8/7/2026,813,3,297.76,error: undefined method `first' for nil:NilClass,Russia
,814,8/5/2026,814,16,450.64,error: undefined method `first' for nil:NilClass,
1815,815,8/4/2026,815,14,809.34,error: undefined method `first' for nil:NilClass,Philippines
1816,816,8/5/2026,816,7,840.7,error: undefined method `first' for nil:NilClass,Philippines
1817,817,8/7/2026,817,18,196.05,error: undefined method `first' for nil:NilClass,Czech Republic
1818,818,8/1/2026,818,11,347.56,error: undefined method `first' for nil:NilClass,Sweden
1819,819,8/1/2026,819,5,199.49,error: undefined method `first' for nil:NilClass,Malawi
,820,8/5/2026,820,8,573.27,error: undefined method `first' for nil:NilClass,Poland
1821,821,8/2/2026,821,17,653.12,error: undefined method `first' for nil:NilClass,Nigeria
1822,822,8/3/2026,822,6,546.82,error: undefined method `first' for nil:NilClass,Philippines
1823,823,8/7/2026,823,10,860.53,error: undefined method `first' for nil:NilClass,Poland
1824,824,8/4/2026,824,19,87.7,error: undefined method `first' for nil:NilClass,France
1825,825,8/5/2026,825,15,564.75,error: undefined method `first' for nil:NilClass,Indonesia
1826,826,8/7/2026,826,6,704.24,error: undefined method `first' for nil:NilClass,China
1827,827,8/7/2026,827,19,228.99,error: undefined method `first' for nil:NilClass,
1828,828,8/2/2026,828,2,624.13,error: undefined method `first' for nil:NilClass,Thailand
1829,829,8/5/2026,829,4,678.68,error: undefined method `first' for nil:NilClass,Canada
1830,830,8/3/2026,830,7,106.25,error: undefined method `first' for nil:NilClass,Indonesia
1831,831,8/2/2026,831,6,337.67,error: undefined method `first' for nil:NilClass,Thailand
1832,832,8/5/2026,832,13,877.9,,South Africa
1833,,8/7/2026,833,3,294.05,error: undefined method `first' for nil:NilClass,China
1834,834,8/1/2026,,11,215.12,error: undefined method `first' for nil:NilClass,China
1835,835,8/3/2026,835,5,535.2,error: undefined method `first' for nil:NilClass,Uganda
1836,836,8/6/2026,836,19,260.54,error: undefined method `first' for nil:NilClass,Brazil
1837,837,8/4/2026,837,13,558.86,error: undefined method `first' for nil:NilClass,Indonesia
1838,838,8/5/2026,838,12,281.05,error: undefined method `first' for nil:NilClass,Syria
1839,839,8/1/2026,839,17,342.35,error: undefined method `first' for nil:NilClass,
1840,840,8/1/2026,840,18,,error: undefined method `first' for nil:NilClass,France
1841,841,8/2/2026,841,10,209.32,error: undefined method `first' for nil:NilClass,Thailand
1842,842,8/5/2026,842,14,,error: undefined method `first' for nil:NilClass,China
1843,843,8/4/2026,843,17,306.88,error: undefined method `first' for nil:NilClass,Mongolia
1844,844,8/3/2026,844,18,347.97,error: undefined method `first' for nil:NilClass,Palestinian Territory
1845,845,8/4/2026,845,20,156.95,error: undefined method `first' for nil:NilClass,
1846,846,8/7/2026,846,7,242.29,error: undefined method `first' for nil:NilClass,Philippines
1847,847,8/5/2026,847,18,767.05,error: undefined method `first' for nil:NilClass,Pakistan
1848,848,8/3/2026,848,16,483.85,error: undefined method `first' for nil:NilClass,China
1849,849,8/3/2026,849,,168.76,error: undefined method `first' for nil:NilClass,Greece
1850,850,8/4/2026,850,12,893.99,error: undefined method `first' for nil:NilClass,Croatia
1851,851,8/1/2026,851,,889.92,error: undefined method `first' for nil:NilClass,Iraq
1852,852,8/6/2026,852,8,,error: undefined method `first' for nil:NilClass,Benin
1853,853,8/3/2026,853,12,828.29,error: undefined method `first' for nil:NilClass,Ukraine
1854,854,8/2/2026,854,5,889.5,error: undefined method `first' for nil:NilClass,Russia
1855,855,,855,5,542.92,error: undefined method `first' for nil:NilClass,Czech Republic
1856,856,,856,7,209.1,error: undefined method `first' for nil:NilClass,China
1857,857,8/1/2026,857,,221.59,error: undefined method `first' for nil:NilClass,Russia
1858,858,8/5/2026,858,,979.17,error: undefined method `first' for nil:NilClass,China
1859,859,8/1/2026,859,18,400.11,error: undefined method `first' for nil:NilClass,Philippines
1860,860,8/6/2026,860,13,665.84,error: undefined method `first' for nil:NilClass,Philippines
1861,861,8/4/2026,861,5,545.72,error: undefined method `first' for nil:NilClass,France
1862,862,8/7/2026,862,4,162.03,error: undefined method `first' for nil:NilClass,China
1863,863,8/1/2026,863,1,411.66,error: undefined method `first' for nil:NilClass,China
1864,864,8/2/2026,864,4,994.45,error: undefined method `first' for nil:NilClass,Georgia
1865,865,8/7/2026,865,5,843.49,error: undefined method `first' for nil:NilClass,China
1866,866,8/5/2026,866,3,,error: undefined method `first' for nil:NilClass,France
1867,867,8/5/2026,867,18,224.84,error: undefined method `first' for nil:NilClass,Bosnia and Herzegovina
1868,868,8/6/2026,868,20,769.99,error: undefined method `first' for nil:NilClass,Uganda
1869,869,8/3/2026,869,1,647.42,error: undefined method `first' for nil:NilClass,Russia
1870,870,8/1/2026,870,16,239.95,error: undefined method `first' for nil:NilClass,Indonesia
1871,871,8/5/2026,871,14,756.54,error: undefined method `first' for nil:NilClass,Colombia
1872,872,8/6/2026,872,15,924.04,error: undefined method `first' for nil:NilClass,Indonesia
1873,873,8/1/2026,873,15,438.64,error: undefined method `first' for nil:NilClass,Indonesia
1874,874,8/1/2026,874,9,20.17,error: undefined method `first' for nil:NilClass,Philippines
1875,875,8/3/2026,,17,995.08,error: undefined method `first' for nil:NilClass,China
1876,876,8/2/2026,876,14,288.66,error: undefined method `first' for nil:NilClass,Indonesia
1877,877,8/3/2026,877,16,753.43,error: undefined method `first' for nil:NilClass,United Kingdom
1878,878,8/2/2026,878,10,740.8,error: undefined method `first' for nil:NilClass,Iran
1879,879,8/1/2026,879,11,486.34,error: undefined method `first' for nil:NilClass,Venezuela
1880,880,8/5/2026,880,8,738.23,error: undefined method `first' for nil:NilClass,Croatia
1881,881,8/3/2026,881,13,649.81,error: undefined method `first' for nil:NilClass,Philippines
1882,882,8/6/2026,882,13,253.24,error: undefined method `first' for nil:NilClass,Russia
1883,883,8/5/2026,883,8,29.58,error: undefined method `first' for nil:NilClass,Portugal
1884,884,8/6/2026,884,12,724.34,error: undefined method `first' for nil:NilClass,Brazil
1885,,8/3/2026,885,18,749.14,error: undefined method `first' for nil:NilClass,Indonesia
1886,886,8/3/2026,886,19,380.21,error: undefined method `first' for nil:NilClass,Poland
1887,887,8/1/2026,887,11,511.23,error: undefined method `first' for nil:NilClass,Thailand
1888,888,8/4/2026,888,11,990.54,error: undefined method `first' for nil:NilClass,Madagascar
1889,889,8/4/2026,889,5,926.59,error: undefined method `first' for nil:NilClass,Iraq
1890,890,8/4/2026,890,10,82.22,error: undefined method `first' for nil:NilClass,Russia
1891,891,8/6/2026,891,1,872.05,error: undefined method `first' for nil:NilClass,Russia
1892,892,8/2/2026,892,5,571.83,error: undefined method `first' for nil:NilClass,Sweden
1893,893,8/1/2026,893,19,944.34,error: undefined method `first' for nil:NilClass,Ethiopia
1894,894,8/4/2026,894,13,836.15,error: undefined method `first' for nil:NilClass,Thailand
1895,895,8/6/2026,895,3,135.82,error: undefined method `first' for nil:NilClass,Lebanon
1896,896,8/7/2026,896,2,736.91,error: undefined method `first' for nil:NilClass,Mongolia
1897,897,8/5/2026,897,3,26.92,error: undefined method `first' for nil:NilClass,Colombia
1898,898,8/2/2026,898,16,988.02,error: undefined method `first' for nil:NilClass,East Timor
1899,899,8/5/2026,899,2,245.09,error: undefined method `first' for nil:NilClass,Czech Republic
1900,900,8/7/2026,900,9,341.64,error: undefined method `first' for nil:NilClass,Poland
1901,901,8/1/2026,901,13,772.11,error: undefined method `first' for nil:NilClass,Venezuela
1902,902,8/7/2026,902,17,330.27,error: undefined method `first' for nil:NilClass,Greece
1903,903,8/6/2026,903,17,216.5,error: undefined method `first' for nil:NilClass,Benin
1904,904,8/3/2026,904,6,958.35,error: undefined method `first' for nil:NilClass,China
1905,905,8/2/2026,905,9,864.09,error: undefined method `first' for nil:NilClass,Russia
1906,906,8/5/2026,906,16,279.22,error: undefined method `first' for nil:NilClass,Portugal
1907,907,8/3/2026,907,20,672.97,error: undefined method `first' for nil:NilClass,Moldova
1908,908,8/2/2026,908,15,106.8,error: undefined method `first' for nil:NilClass,Indonesia
1909,909,8/7/2026,909,,202.06,error: undefined method `first' for nil:NilClass,China
1910,910,8/5/2026,910,11,794.43,error: undefined method `first' for nil:NilClass,China
1911,911,8/1/2026,911,3,335.73,error: undefined method `first' for nil:NilClass,Peru
1912,912,8/1/2026,912,14,955.04,error: undefined method `first' for nil:NilClass,Venezuela
1913,913,8/1/2026,913,17,648.17,error: undefined method `first' for nil:NilClass,Philippines
1914,914,,914,17,82.1,error: undefined method `first' for nil:NilClass,Colombia
1915,915,8/1/2026,915,14,619.64,error: undefined method `first' for nil:NilClass,Bangladesh
1916,916,8/2/2026,916,17,421.04,error: undefined method `first' for nil:NilClass,Canada
1917,917,8/7/2026,917,6,424.92,error: undefined method `first' for nil:NilClass,Greece
1918,918,8/6/2026,918,14,825.83,error: undefined method `first' for nil:NilClass,Croatia
1919,919,8/5/2026,919,9,459.2,error: undefined method `first' for nil:NilClass,Lithuania
1920,920,8/7/2026,920,3,206.1,error: undefined method `first' for nil:NilClass,Russia
1921,921,8/3/2026,921,,617.69,error: undefined method `first' for nil:NilClass,Sri Lanka
1922,922,8/6/2026,922,8,432.58,error: undefined method `first' for nil:NilClass,Philippines
1923,923,8/4/2026,923,7,822.06,error: undefined method `first' for nil:NilClass,Nigeria
1924,924,8/4/2026,924,18,140.72,error: undefined method `first' for nil:NilClass,Japan
1925,925,8/5/2026,925,11,722.99,error: undefined method `first' for nil:NilClass,China
1926,926,8/6/2026,926,13,57.59,,China
1927,927,8/5/2026,927,4,535.69,error: undefined method `first' for nil:NilClass,France
1928,928,8/3/2026,928,7,192.89,error: undefined method `first' for nil:NilClass,China
1929,,8/6/2026,,,89.38,error: undefined method `first' for nil:NilClass,Brazil
1930,930,8/7/2026,930,7,821.55,error: undefined method `first' for nil:NilClass,Ethiopia
1931,931,8/1/2026,931,16,698.8,error: undefined method `first' for nil:NilClass,Indonesia
1932,932,8/6/2026,932,6,721.74,error: undefined method `first' for nil:NilClass,China
1933,933,8/4/2026,933,12,229.12,error: undefined method `first' for nil:NilClass,United States
1934,934,8/1/2026,934,20,322.91,error: undefined method `first' for nil:NilClass,China
1935,935,,935,8,893.76,error: undefined method `first' for nil:NilClass,Czech Republic
1936,936,8/1/2026,936,16,214.33,error: undefined method `first' for nil:NilClass,Brazil
1937,937,8/5/2026,937,9,54.19,error: undefined method `first' for nil:NilClass,Poland
1938,938,8/4/2026,938,16,696.77,error: undefined method `first' for nil:NilClass,Russia
1939,939,8/4/2026,939,10,592.42,error: undefined method `first' for nil:NilClass,Pakistan
1940,940,8/3/2026,940,15,782.27,error: undefined method `first' for nil:NilClass,Indonesia
1941,941,8/5/2026,941,4,,error: undefined method `first' for nil:NilClass,Yemen
1942,942,8/2/2026,942,4,368.52,error: undefined method `first' for nil:NilClass,Yemen
1943,943,8/6/2026,943,9,920.28,error: undefined method `first' for nil:NilClass,Indonesia
1944,944,8/1/2026,944,7,18.61,error: undefined method `first' for nil:NilClass,Peru
1945,945,8/7/2026,945,20,569.81,,Kenya
,946,8/3/2026,946,19,352.77,error: undefined method `first' for nil:NilClass,China
1947,947,8/5/2026,947,10,274.17,error: undefined method `first' for nil:NilClass,Indonesia
,948,8/1/2026,,13,141.83,error: undefined method `first' for nil:NilClass,Sweden
1949,949,8/1/2026,949,12,732.51,error: undefined method `first' for nil:NilClass,Russia
1950,950,8/1/2026,950,8,127.44,error: undefined method `first' for nil:NilClass,Czech Republic
1951,951,8/6/2026,951,19,826.86,error: undefined method `first' for nil:NilClass,Poland
1952,952,8/2/2026,952,1,531.14,error: undefined method `first' for nil:NilClass,
1953,953,8/5/2026,953,2,867.91,error: undefined method `first' for nil:NilClass,
1954,954,8/2/2026,954,20,779.24,error: undefined method `first' for nil:NilClass,China
1955,955,8/2/2026,955,18,,error: undefined method `first' for nil:NilClass,China
1956,956,8/3/2026,956,6,906.31,error: undefined method `first' for nil:NilClass,China
1957,957,8/3/2026,957,7,831.97,error: undefined method `first' for nil:NilClass,Brazil
1958,958,8/4/2026,958,9,981.71,error: undefined method `first' for nil:NilClass,Montenegro
1959,959,8/4/2026,959,11,250.74,error: undefined method `first' for nil:NilClass,United States
1960,960,8/5/2026,960,20,481.32,error: undefined method `first' for nil:NilClass,Brazil
1961,961,8/2/2026,961,7,405.44,error: undefined method `first' for nil:NilClass,Philippines
1962,962,8/1/2026,962,9,105.72,error: undefined method `first' for nil:NilClass,South Africa
1963,963,8/7/2026,963,13,754.68,error: undefined method `first' for nil:NilClass,Russia
1964,964,8/6/2026,964,13,536.97,error: undefined method `first' for nil:NilClass,Russia
1965,965,8/4/2026,965,6,473.61,error: undefined method `first' for nil:NilClass,China
1966,966,8/7/2026,966,15,69.5,error: undefined method `first' for nil:NilClass,Philippines
1967,967,8/3/2026,967,18,204.64,error: undefined method `first' for nil:NilClass,China
1968,968,8/7/2026,968,,493.84,error: undefined method `first' for nil:NilClass,Zambia
1969,969,8/5/2026,969,15,886.26,error: undefined method `first' for nil:NilClass,Mexico
1970,970,8/1/2026,970,,211.64,error: undefined method `first' for nil:NilClass,Nigeria
1971,971,8/6/2026,971,18,240.69,error: undefined method `first' for nil:NilClass,China
1972,972,8/3/2026,972,9,564.37,error: undefined method `first' for nil:NilClass,China
1973,973,8/5/2026,973,8,910.83,error: undefined method `first' for nil:NilClass,China
1974,974,8/4/2026,974,15,,error: undefined method `first' for nil:NilClass,United States
,975,8/5/2026,975,13,180.51,error: undefined method `first' for nil:NilClass,China
1976,976,8/5/2026,976,5,874.31,error: undefined method `first' for nil:NilClass,Poland
1977,977,8/7/2026,977,14,65.74,error: undefined method `first' for nil:NilClass,Mauritius
1978,978,8/6/2026,978,1,678.22,error: undefined method `first' for nil:NilClass,Ukraine
1979,979,8/5/2026,979,13,517.45,error: undefined method `first' for nil:NilClass,France
1980,980,8/1/2026,980,12,823.23,error: undefined method `first' for nil:NilClass,France
1981,981,8/7/2026,981,11,,error: undefined method `first' for nil:NilClass,Norway
1982,982,8/4/2026,982,19,839.71,error: undefined method `first' for nil:NilClass,Mauritius
1983,983,,983,,500.87,error: undefined method `first' for nil:NilClass,Malaysia
,984,8/4/2026,984,,92.85,error: undefined method `first' for nil:NilClass,
1985,985,8/1/2026,985,12,639.09,error: undefined method `first' for nil:NilClass,Liberia
1986,986,8/7/2026,986,1,703.02,error: undefined method `first' for nil:NilClass,Canada
1987,987,8/5/2026,,10,132.14,error: undefined method `first' for nil:NilClass,France
1988,988,8/3/2026,988,6,614.7,,Portugal
1989,989,8/4/2026,989,11,842.28,error: undefined method `first' for nil:NilClass,Tunisia
1990,990,8/7/2026,990,11,741.02,error: undefined method `first' for nil:NilClass,Nigeria
1991,991,8/4/2026,991,2,48.21,error: undefined method `first' for nil:NilClass,China
1992,992,8/2/2026,992,17,416.1,error: undefined method `first' for nil:NilClass,Portugal
1993,993,8/5/2026,993,20,626.45,error: undefined method `first' for nil:NilClass,China
1994,994,8/4/2026,994,3,68.95,error: undefined method `first' for nil:NilClass,Bosnia and Herzegovina
1995,995,8/5/2026,995,8,904.26,error: undefined method `first' for nil:NilClass,United States
1996,996,8/3/2026,996,11,923.13,error: undefined method `first' for nil:NilClass,Indonesia
1997,997,8/7/2026,997,7,664.89,error: undefined method `first' for nil:NilClass,China
1998,998,8/2/2026,998,14,849.73,error: undefined method `first' for nil:NilClass,Greece
,999,8/3/2026,,16,819.32,error: undefined method `first' for nil:NilClass,United States
2000,1000,8/5/2026,1000,7,285.49,error: undefined method `first' for nil:NilClass,
