order_id,customer_id,date,time,order_timestamp,product_id,quantity,unit_price,status,country
3001,1,8/1/2026,4:39:38,8/1/2026 4:39:38,1,4,105.88,active,
3002,2,8/6/2025,16:09:54,8/6/2025 16:09:54,2,11,939.24,cancelled,China
3003,3,4/17/2026,3:05:08,4/17/2026 3:05:08,3,17,51.42,on hold,Colombia
3004,4,1/29/2026,10:23:59,1/29/2026 10:23:59,4,18,477.64,inactive,Philippines
3005,5,9/3/2025,2:05:43,9/3/2025 2:05:43,,4,780.51,archived,Brazil
3006,6,1/26/2026,21:32:34,,6,13,859.71,,Brazil
3007,7,4/17/2026,8:15:07,4/17/2026 8:15:07,7,20,531.01,suspended,Brazil
3008,8,3/26/2026,21:11:20,3/26/2026 21:11:20,8,7,381.04,active,Nicaragua
3009,9,5/9/2026,3:11:53,5/9/2026 3:11:53,9,17,774.31,pending,Philippines
3010,10,12/22/2025,18:25:32,12/22/2025 18:25:32,10,7,10.03,in progress,France
3011,11,5/18/2026,3:44:42,5/18/2026 3:44:42,11,10,289.37,completed,Armenia
3012,12,2/22/2026,11:07:19,2/22/2026 11:07:19,12,,,on hold,Mali
3013,13,7/6/2026,9:52:43,7/6/2026 9:52:43,13,5,354.79,suspended,
3014,14,11/15/2025,4:01:15,11/15/2025 4:01:15,14,11,739.64,suspended,Brazil
3015,15,8/8/2025,5:08:12,8/8/2025 5:08:12,15,6,317.98,suspended,China
3016,16,11/16/2025,0:24:42,11/16/2025 0:24:42,16,2,346.48,suspended,Poland
3017,17,1/18/2026,2:41:13,1/18/2026 2:41:13,17,5,768.69,resolved,Russia
3018,18,9/20/2025,14:13:48,9/20/2025 14:13:48,18,5,719.06,resolved,Indonesia
3019,19,7/13/2026,7:39:46,7/13/2026 7:39:46,19,17,84.27,completed,Russia
,20,12/12/2025,1:21:47,12/12/2025 1:21:47,20,9,680.59,inactive,Zambia
3021,21,3/22/2026,20:04:30,3/22/2026 20:04:30,21,11,847.74,active,China
3022,22,2/28/2026,21:39:04,2/28/2026 21:39:04,22,10,607.55,pending,Indonesia
3023,23,10/2/2025,20:09:47,10/2/2025 20:09:47,23,9,48.43,inactive,Russia
3024,24,9/11/2025,20:51:59,9/11/2025 20:51:59,24,7,655.62,inactive,China
3025,25,10/7/2025,3:48:33,10/7/2025 3:48:33,25,14,170.1,pending,Ghana
3026,26,12/11/2025,11:34:57,12/11/2025 11:34:57,26,20,18.22,inactive,Myanmar
3027,27,10/22/2025,18:04:26,10/22/2025 18:04:26,27,,685.36,archived,Canada
3028,28,11/19/2025,13:48:57,11/19/2025 13:48:57,28,19,980.41,completed,Sweden
3029,29,4/22/2026,7:53:54,4/22/2026 7:53:54,29,17,397.23,resolved,Indonesia
3030,30,1/20/2026,6:06:38,1/20/2026 6:06:38,30,14,297.12,,France
3031,31,1/25/2026,16:15:12,,31,2,713.09,resolved,China
3032,32,1/16/2026,1:49:22,1/16/2026 1:49:22,32,16,124.37,suspended,Argentina
3033,33,2/24/2026,16:39:09,2/24/2026 16:39:09,33,7,223.34,cancelled,
3034,34,2/14/2026,13:07:08,2/14/2026 13:07:08,34,4,864.92,suspended,United States
3034,34,2/14/2026,13:07:08,2/14/2026 13:07:08,34,4,864.92,suspended,United States
3035,35,5/18/2026,14:09:15,5/18/2026 14:09:15,35,13,409.43,completed,Poland
3035,35,5/18/2026,14:09:15,5/18/2026 14:09:15,35,13,409.43,completed,Poland
3036,36,10/10/2025,10:50:42,10/10/2025 10:50:42,36,7,30.02,in progress,Guatemala
3037,37,2/25/2026,11:41:27,2/25/2026 11:41:27,37,19,191.11,inactive,
3038,38,12/7/2025,22:19:13,12/7/2025 22:19:13,38,2,980.04,on hold,South Korea
3039,39,9/11/2025,4:01:02,9/11/2025 4:01:02,39,10,221.45,completed,Russia
3039,39,9/11/2025,4:01:02,9/11/2025 4:01:02,39,10,221.45,completed,Russia
3040,40,3/11/2026,1:24:58,3/11/2026 1:24:58,40,19,356.76,on hold,Portugal
3041,41,3/26/2026,6:49:17,3/26/2026 6:49:17,41,6,828.57,active,Indonesia
3042,42,9/19/2025,8:48:21,9/19/2025 8:48:21,42,7,913.39,in progress,North Korea
3043,43,5/27/2026,9:52:31,5/27/2026 9:52:31,43,1,585.3,active,Argentina
3044,44,5/18/2026,8:53:33,5/18/2026 8:53:33,44,15,538.89,active,Czech Republic
3045,45,5/27/2026,4:25:29,5/27/2026 4:25:29,45,16,941.16,on hold,China
3046,46,10/24/2025,3:56:07,10/24/2025 3:56:07,46,18,388.6,archived,Russia
3047,47,2/7/2026,0:00:20,2/7/2026 0:00:20,47,7,976.16,resolved,France
3048,48,5/3/2026,21:19:46,5/3/2026 21:19:46,48,16,425.44,archived,Portugal
3049,49,12/11/2025,6:04:40,12/11/2025 6:04:40,49,11,289.95,cancelled,Sweden
3050,50,5/30/2026,22:46:20,,50,1,855.41,on hold,Russia
3051,51,8/7/2026,18:39:22,8/7/2026 18:39:22,51,3,73.13,in progress,China
3052,52,6/1/2026,20:16:32,6/1/2026 20:16:32,52,19,707.36,on hold,China
3053,53,7/12/2026,17:54:37,7/12/2026 17:54:37,53,8,510.68,archived,Costa Rica
3054,54,5/1/2026,1:52:16,5/1/2026 1:52:16,54,4,823.96,suspended,Brazil
3055,55,11/22/2025,8:34:07,11/22/2025 8:34:07,,18,47.74,active,Hungary
3056,56,8/1/2025,20:09:43,8/1/2025 20:09:43,56,14,,archived,Ukraine
3057,57,10/1/2025,11:28:48,10/1/2025 11:28:48,57,5,908.46,archived,United Kingdom
3058,58,5/17/2026,22:57:31,5/17/2026 22:57:31,58,1,350.03,suspended,Japan
3059,59,3/11/2026,14:12:58,3/11/2026 14:12:58,59,8,972.08,suspended,
3060,60,12/19/2025,19:08:30,12/19/2025 19:08:30,60,8,297.69,cancelled,China
3061,61,2/10/2026,23:11:19,2/10/2026 23:11:19,61,19,626.64,suspended,Finland
3062,62,7/4/2026,20:34:40,7/4/2026 20:34:40,62,10,4.61,in progress,Poland
,63,10/13/2025,12:05:45,10/13/2025 12:05:45,63,10,,archived,Russia
3064,64,10/13/2025,20:04:47,10/13/2025 20:04:47,64,12,860.23,suspended,China
3065,,7/26/2026,5:48:30,7/26/2026 5:48:30,65,16,205.38,inactive,China
3066,66,3/13/2026,21:51:31,3/13/2026 21:51:31,66,5,870.96,archived,Belarus
3067,67,9/21/2025,2:00:25,9/21/2025 2:00:25,67,6,637.65,archived,Sweden
3068,68,12/28/2025,2:27:42,12/28/2025 2:27:42,68,11,820.05,active,China
3069,69,10/16/2025,2:34:07,10/16/2025 2:34:07,69,17,867.77,in progress,Afghanistan
3070,70,6/18/2026,23:17:53,6/18/2026 23:17:53,70,15,62.93,in progress,Greece
3071,71,12/17/2025,12:10:17,12/17/2025 12:10:17,71,,412.98,active,Argentina
3072,72,1/13/2026,15:57:07,1/13/2026 15:57:07,,14,314.98,completed,China
3073,73,6/2/2026,11:33:26,6/2/2026 11:33:26,73,5,487.68,in progress,Indonesia
3074,74,5/29/2026,0:48:49,5/29/2026 0:48:49,74,4,698.45,cancelled,Czech Republic
3075,75,1/14/2026,21:11:17,1/14/2026 21:11:17,75,16,659.61,completed,Portugal
3076,76,11/18/2025,19:06:14,11/18/2025 19:06:14,76,5,,pending,Colombia
3077,77,2/24/2026,18:07:48,2/24/2026 18:07:48,77,20,954.2,active,Indonesia
3078,78,7/30/2026,22:13:22,7/30/2026 22:13:22,78,9,409.36,on hold,Mexico
3079,79,4/3/2026,21:42:02,4/3/2026 21:42:02,79,16,727.76,completed,Brazil
3080,80,8/3/2026,15:07:29,8/3/2026 15:07:29,80,15,925.4,completed,Afghanistan
3081,81,6/28/2026,23:08:59,6/28/2026 23:08:59,81,8,17.94,active,South Africa
3082,82,12/1/2025,11:47:52,12/1/2025 11:47:52,82,5,576.93,suspended,Indonesia
3083,83,1/12/2026,8:03:49,1/12/2026 8:03:49,83,20,735.76,cancelled,Mongolia
3084,84,10/6/2025,5:57:50,10/6/2025 5:57:50,84,3,890.28,cancelled,China
3085,85,12/7/2025,21:56:51,12/7/2025 21:56:51,85,15,523.59,archived,China
3086,86,9/28/2025,3:04:30,9/28/2025 3:04:30,86,11,854.13,active,Philippines
3087,87,1/7/2026,13:41:57,1/7/2026 13:41:57,87,8,520.59,active,Brazil
3088,88,7/27/2026,5:39:25,7/27/2026 5:39:25,88,14,269.05,inactive,Benin
3089,89,2/12/2026,9:24:31,2/12/2026 9:24:31,89,17,153.57,on hold,Russia
3090,90,3/1/2026,1:20:10,3/1/2026 1:20:10,90,15,722.54,cancelled,Cape Verde
3091,91,5/7/2026,16:08:05,5/7/2026 16:08:05,91,9,295.71,archived,Nigeria
3092,,6/3/2026,6:39:47,6/3/2026 6:39:47,92,14,24.16,archived,Zambia
3093,93,10/9/2025,9:32:58,10/9/2025 9:32:58,93,11,574.12,cancelled,Mongolia
3094,94,12/23/2025,8:30:46,12/23/2025 8:30:46,94,12,956.84,active,Japan
3095,95,12/22/2025,6:11:35,12/22/2025 6:11:35,95,16,512.51,archived,Mexico
3096,96,12/5/2025,4:06:28,12/5/2025 4:06:28,96,13,822.26,cancelled,China
3097,97,11/25/2025,14:42:44,11/25/2025 14:42:44,97,16,237.49,on hold,Indonesia
3098,98,3/15/2026,9:43:30,3/15/2026 9:43:30,98,10,764.34,active,France
3099,99,10/3/2025,13:55:53,10/3/2025 13:55:53,99,13,526.99,active,Armenia
3100,100,12/4/2025,3:48:31,12/4/2025 3:48:31,100,15,561.69,completed,China
3101,101,11/8/2025,17:32:10,11/8/2025 17:32:10,101,4,724.77,completed,Indonesia
3102,102,3/11/2026,5:08:30,3/11/2026 5:08:30,102,12,296.83,archived,Vietnam
3103,103,10/8/2025,12:21:10,10/8/2025 12:21:10,103,1,602.8,archived,Portugal
3104,104,7/25/2026,17:53:07,7/25/2026 17:53:07,104,18,,suspended,Philippines
3105,105,5/3/2026,19:53:24,,105,4,711.55,suspended,Vietnam
3106,106,10/20/2025,5:02:40,10/20/2025 5:02:40,106,14,115.18,active,Egypt
3107,107,5/19/2026,0:19:05,5/19/2026 0:19:05,107,11,,completed,Canada
3108,108,5/22/2026,13:29:16,5/22/2026 13:29:16,108,11,302.76,pending,Finland
3109,109,4/9/2026,17:48:40,4/9/2026 17:48:40,109,9,543.52,in progress,China
3110,110,1/10/2026,5:03:27,1/10/2026 5:03:27,110,,982.78,suspended,Switzerland
3111,111,5/15/2026,2:20:47,5/15/2026 2:20:47,111,5,759.29,inactive,China
3112,112,3/25/2026,5:05:52,,112,19,683.65,on hold,Indonesia
3113,113,5/4/2026,12:56:35,5/4/2026 12:56:35,,13,875.41,completed,Kosovo
3114,114,9/18/2025,1:22:51,9/18/2025 1:22:51,114,14,291.28,inactive,China
3115,115,1/27/2026,13:00:05,1/27/2026 13:00:05,115,19,94.41,inactive,China
3116,116,4/9/2026,16:21:00,4/9/2026 16:21:00,116,18,116.46,,Afghanistan
3117,117,4/9/2026,8:53:33,4/9/2026 8:53:33,117,16,413.38,archived,Russia
3118,118,10/1/2025,19:56:20,10/1/2025 19:56:20,118,,933.26,suspended,Indonesia
3119,119,1/20/2026,17:22:49,1/20/2026 17:22:49,119,2,396.88,suspended,Philippines
3120,120,9/7/2025,0:22:36,9/7/2025 0:22:36,120,9,110.82,in progress,Indonesia
3121,121,9/15/2025,7:43:45,9/15/2025 7:43:45,121,1,939.89,pending,Indonesia
3122,122,12/15/2025,13:22:03,12/15/2025 13:22:03,122,1,394.92,completed,Bulgaria
3123,123,11/1/2025,18:58:23,,123,1,920.38,resolved,Venezuela
3124,124,12/18/2025,2:39:22,12/18/2025 2:39:22,124,1,197.89,on hold,Russia
3125,125,7/19/2026,17:44:00,7/19/2026 17:44:00,125,10,290.04,archived,Luxembourg
,126,9/3/2025,11:34:43,9/3/2025 11:34:43,126,2,954.06,completed,China
3127,127,5/31/2026,17:03:20,5/31/2026 17:03:20,127,1,238.68,on hold,China
3128,128,3/6/2026,18:24:01,3/6/2026 18:24:01,128,11,617.38,resolved,Indonesia
3129,129,9/16/2025,6:22:44,,129,2,123.8,cancelled,Honduras
3130,130,11/23/2025,0:16:25,11/23/2025 0:16:25,130,18,824.9,active,Sweden
3131,131,6/26/2026,12:31:18,6/26/2026 12:31:18,131,18,859.21,in progress,Yemen
3132,132,6/8/2026,12:38:59,6/8/2026 12:38:59,132,19,899.26,suspended,Germany
3133,133,1/31/2026,5:20:14,1/31/2026 5:20:14,133,1,569.89,completed,China
3134,134,12/2/2025,18:44:38,12/2/2025 18:44:38,134,6,381.07,active,Russia
3135,135,11/10/2025,3:40:26,11/10/2025 3:40:26,135,15,437.5,on hold,Ecuador
3136,136,7/26/2026,19:07:23,7/26/2026 19:07:23,136,18,32.53,inactive,China
3137,137,5/15/2026,10:04:49,5/15/2026 10:04:49,137,5,662.79,,
3138,138,8/1/2026,22:57:06,8/1/2026 22:57:06,138,7,880.53,inactive,China
3139,139,8/5/2025,2:26:33,8/5/2025 2:26:33,,5,92.55,suspended,China
3140,140,10/6/2025,3:53:20,10/6/2025 3:53:20,140,8,37.53,archived,Philippines
3141,141,3/4/2026,12:35:54,3/4/2026 12:35:54,141,11,519.52,on hold,Indonesia
3142,142,7/29/2026,23:34:56,7/29/2026 23:34:56,142,19,183.73,archived,China
3143,143,5/25/2026,14:19:21,5/25/2026 14:19:21,143,14,945.28,cancelled,Canada
3144,144,8/4/2025,8:13:42,8/4/2025 8:13:42,144,2,677.89,in progress,Egypt
3145,145,2/22/2026,0:20:42,2/22/2026 0:20:42,145,10,8.75,suspended,China
3146,146,2/22/2026,5:13:16,2/22/2026 5:13:16,146,3,911.56,inactive,Czech Republic
3147,147,12/6/2025,9:19:02,12/6/2025 9:19:02,147,9,935.05,inactive,Canada
,148,9/8/2025,1:27:51,9/8/2025 1:27:51,148,7,310.57,,Brazil
3149,149,10/15/2025,17:19:39,10/15/2025 17:19:39,149,3,982.95,in progress,China
3150,150,11/13/2025,23:42:30,11/13/2025 23:42:30,150,18,913.06,suspended,Kenya
3151,151,7/5/2026,23:57:05,7/5/2026 23:57:05,151,19,49.58,on hold,Philippines
3152,152,2/12/2026,14:07:14,2/12/2026 14:07:14,152,4,919.85,completed,Indonesia
3153,153,12/26/2025,18:45:40,12/26/2025 18:45:40,,8,859.81,cancelled,China
3154,154,4/25/2026,23:45:40,4/25/2026 23:45:40,154,11,825.58,suspended,Iraq
3155,155,11/17/2025,7:17:24,11/17/2025 7:17:24,155,7,912.73,on hold,Bulgaria
3156,156,11/24/2025,0:52:32,11/24/2025 0:52:32,156,4,840.01,inactive,China
3157,157,2/26/2026,5:20:50,2/26/2026 5:20:50,157,14,409.16,archived,Moldova
3158,158,4/9/2026,9:19:10,4/9/2026 9:19:10,158,2,844.79,suspended,Peru
3159,159,9/7/2025,20:27:27,9/7/2025 20:27:27,159,4,609.12,on hold,China
3160,160,8/7/2026,4:09:15,8/7/2026 4:09:15,160,,48.71,cancelled,Russia
3161,161,3/21/2026,17:48:40,3/21/2026 17:48:40,161,4,740.64,on hold,Russia
3162,162,1/8/2026,4:31:19,1/8/2026 4:31:19,162,4,7.95,suspended,Philippines
3163,163,8/17/2025,15:37:45,8/17/2025 15:37:45,163,4,2.27,inactive,Indonesia
3164,164,11/3/2025,7:26:44,11/3/2025 7:26:44,,3,,cancelled,Canada
3165,165,12/2/2025,8:30:18,12/2/2025 8:30:18,165,20,221.9,completed,Jordan
3166,166,1/17/2026,14:42:57,1/17/2026 14:42:57,166,5,252.47,archived,Malaysia
3167,167,9/28/2025,19:36:06,9/28/2025 19:36:06,167,17,838.96,cancelled,Portugal
3168,168,1/10/2026,12:56:49,1/10/2026 12:56:49,168,19,53.05,archived,
3169,169,7/31/2026,18:00:22,7/31/2026 18:00:22,169,16,796.69,active,Brazil
3170,170,7/1/2026,17:26:06,7/1/2026 17:26:06,170,3,689.53,inactive,Russia
3171,171,5/23/2026,7:49:03,5/23/2026 7:49:03,171,20,561.19,in progress,South Africa
3172,172,6/27/2026,5:49:41,6/27/2026 5:49:41,172,8,230.79,archived,France
3173,173,12/2/2025,13:21:57,12/2/2025 13:21:57,173,12,991.96,active,Mongolia
3174,174,7/30/2026,5:21:06,7/30/2026 5:21:06,174,16,415.66,cancelled,Luxembourg
3175,175,9/20/2025,7:31:26,9/20/2025 7:31:26,175,19,234.56,cancelled,Sweden
3176,176,5/11/2026,20:32:19,5/11/2026 20:32:19,176,4,971.54,cancelled,United States
3177,177,5/10/2026,9:15:41,5/10/2026 9:15:41,177,3,163.79,cancelled,Indonesia
,178,6/13/2026,2:47:32,6/13/2026 2:47:32,178,13,164.65,active,China
3179,179,9/11/2025,6:25:49,9/11/2025 6:25:49,179,,106.1,suspended,Madagascar
3180,180,5/1/2026,1:07:09,5/1/2026 1:07:09,180,18,128.16,active,
3181,181,5/23/2026,23:58:07,5/23/2026 23:58:07,181,19,237.75,active,Indonesia
3182,182,7/4/2026,20:37:09,7/4/2026 20:37:09,182,11,419.78,in progress,Indonesia
3183,183,2/8/2026,17:37:23,2/8/2026 17:37:23,183,6,769.6,resolved,China
3184,184,9/10/2025,23:32:09,9/10/2025 23:32:09,184,16,209.21,resolved,China
3185,185,10/15/2025,6:50:14,10/15/2025 6:50:14,185,9,212.03,cancelled,China
3186,186,7/24/2026,21:25:34,7/24/2026 21:25:34,186,13,393.3,archived,Ukraine
3187,187,10/13/2025,3:51:38,10/13/2025 3:51:38,187,9,243.12,active,Sweden
3188,188,5/7/2026,0:19:21,5/7/2026 0:19:21,188,11,382.02,in progress,Brazil
3189,189,8/6/2025,6:44:24,8/6/2025 6:44:24,189,16,872.49,pending,Brazil
3190,190,8/11/2025,1:47:00,8/11/2025 1:47:00,190,20,142.58,completed,China
,191,6/6/2026,15:00:38,,191,4,727.34,pending,Venezuela
3192,192,7/23/2026,4:24:36,7/23/2026 4:24:36,192,16,197.29,resolved,Mexico
3193,193,11/14/2025,11:11:15,11/14/2025 11:11:15,193,6,295.91,archived,Brazil
3194,194,10/8/2025,9:47:00,10/8/2025 9:47:00,194,9,283.12,cancelled,Bosnia and Herzegovina
3195,195,8/26/2025,9:25:01,8/26/2025 9:25:01,195,6,730.49,active,Portugal
3196,196,10/12/2025,14:21:26,10/12/2025 14:21:26,196,16,3.81,suspended,Mexico
3197,197,8/14/2025,10:01:27,8/14/2025 10:01:27,197,17,294.19,pending,Moldova
3198,198,9/14/2025,1:19:55,9/14/2025 1:19:55,198,10,490.17,in progress,China
3199,199,7/16/2026,4:19:29,7/16/2026 4:19:29,199,13,449.79,in progress,Ukraine
3200,200,11/12/2025,4:14:45,11/12/2025 4:14:45,200,6,931.69,archived,United States
3201,201,5/25/2026,7:18:42,5/25/2026 7:18:42,201,5,662.25,resolved,
3202,202,6/16/2026,9:45:11,6/16/2026 9:45:11,202,1,392.25,completed,Iraq
3203,203,1/21/2026,12:17:32,1/21/2026 12:17:32,203,7,186.67,active,Philippines
3204,204,4/11/2026,3:45:10,4/11/2026 3:45:10,204,4,498.21,completed,Indonesia
3205,205,4/5/2026,3:01:17,4/5/2026 3:01:17,205,17,260.55,suspended,Thailand
3206,206,1/10/2026,4:30:32,1/10/2026 4:30:32,206,13,233.97,active,China
3207,207,7/10/2026,18:07:22,7/10/2026 18:07:22,207,14,871.23,active,Indonesia
3208,208,8/22/2025,15:44:19,8/22/2025 15:44:19,208,18,694.01,inactive,Sweden
3209,209,5/17/2026,21:43:20,5/17/2026 21:43:20,209,15,14.89,resolved,Indonesia
3210,210,1/26/2026,16:19:17,1/26/2026 16:19:17,210,8,852.04,active,Serbia
3211,211,4/16/2026,16:14:20,4/16/2026 16:14:20,211,3,464.48,archived,United States
3212,212,2/19/2026,8:14:45,2/19/2026 8:14:45,212,15,487.67,in progress,China
3213,213,11/16/2025,8:09:02,11/16/2025 8:09:02,213,4,500.47,completed,Poland
3214,214,9/4/2025,19:06:38,9/4/2025 19:06:38,214,16,,completed,Poland
3215,215,1/24/2026,18:28:29,1/24/2026 18:28:29,215,8,617.04,cancelled,Indonesia
3216,216,5/11/2026,23:05:39,5/11/2026 23:05:39,216,18,98.73,suspended,Brazil
3217,217,6/2/2026,3:30:17,6/2/2026 3:30:17,217,13,701.49,pending,China
,218,9/8/2025,8:18:08,9/8/2025 8:18:08,218,14,50.79,inactive,Indonesia
3219,219,7/10/2026,17:44:48,7/10/2026 17:44:48,219,16,968.78,on hold,France
3220,220,8/25/2025,5:10:20,8/25/2025 5:10:20,220,1,392.79,inactive,Bulgaria
3221,221,12/5/2025,0:44:21,12/5/2025 0:44:21,221,2,683.14,inactive,Pakistan
3222,222,8/17/2025,20:00:49,8/17/2025 20:00:49,222,,267.46,in progress,France
3223,223,9/26/2025,8:05:06,9/26/2025 8:05:06,223,15,922.91,completed,China
3224,224,8/7/2026,1:07:08,8/7/2026 1:07:08,224,1,256.36,suspended,Russia
3225,225,3/5/2026,5:59:41,3/5/2026 5:59:41,225,4,399.02,suspended,Sri Lanka
3226,226,1/7/2026,5:35:00,,226,10,576.5,pending,China
3227,227,6/6/2026,19:20:01,6/6/2026 19:20:01,227,6,457.16,archived,Finland
3228,228,4/30/2026,3:45:36,,228,12,592.66,cancelled,Portugal
3229,229,12/26/2025,22:25:59,12/26/2025 22:25:59,,11,990.56,completed,Canada
3230,230,3/6/2026,22:12:43,3/6/2026 22:12:43,230,14,,,China
3231,231,2/2/2026,15:51:20,2/2/2026 15:51:20,231,17,276.39,resolved,Australia
3232,232,11/12/2025,7:43:29,11/12/2025 7:43:29,232,11,,resolved,China
3233,233,11/15/2025,21:22:28,11/15/2025 21:22:28,233,3,790.78,archived,Botswana
3234,234,1/7/2026,0:47:38,1/7/2026 0:47:38,234,5,647.21,archived,Honduras
3235,235,3/26/2026,18:03:51,3/26/2026 18:03:51,235,20,221.81,suspended,Canada
3236,236,6/2/2026,6:10:02,6/2/2026 6:10:02,236,9,404.93,active,Philippines
3237,237,7/12/2026,8:33:15,7/12/2026 8:33:15,237,2,229.62,completed,Philippines
3238,238,3/18/2026,16:10:27,3/18/2026 16:10:27,238,17,463.71,resolved,China
3239,239,11/3/2025,18:25:48,11/3/2025 18:25:48,239,20,914.5,completed,Sweden
3240,240,6/9/2026,2:11:36,6/9/2026 2:11:36,240,8,396.24,resolved,Sweden
3241,,6/25/2026,10:06:12,6/25/2026 10:06:12,241,5,819.02,in progress,Colombia
3242,242,5/4/2026,11:25:38,5/4/2026 11:25:38,242,10,,completed,Indonesia
3243,243,8/1/2025,14:49:57,8/1/2025 14:49:57,243,20,167.82,resolved,Indonesia
3244,244,12/10/2025,6:56:25,12/10/2025 6:56:25,244,3,572.14,active,China
3245,245,8/24/2025,14:53:29,8/24/2025 14:53:29,245,11,397.21,active,Russia
3246,246,9/24/2025,14:55:17,9/24/2025 14:55:17,246,18,205.95,on hold,Indonesia
3247,247,12/28/2025,5:09:21,12/28/2025 5:09:21,247,14,181.99,resolved,Indonesia
3248,248,3/3/2026,7:08:39,3/3/2026 7:08:39,248,2,514.62,,Cameroon
3249,249,2/2/2026,14:56:33,2/2/2026 14:56:33,249,5,976.43,cancelled,France
3250,250,9/26/2025,19:59:23,9/26/2025 19:59:23,250,1,157.23,archived,Portugal
3251,251,1/19/2026,19:25:00,1/19/2026 19:25:00,251,16,529.63,suspended,Russia
3252,252,9/3/2025,2:37:24,9/3/2025 2:37:24,252,17,259.06,cancelled,Thailand
3253,253,7/3/2026,1:15:50,7/3/2026 1:15:50,253,20,231.38,pending,China
3254,254,2/24/2026,9:55:35,2/24/2026 9:55:35,254,20,325.58,cancelled,Indonesia
3255,255,12/4/2025,1:13:28,12/4/2025 1:13:28,255,6,145.44,archived,Russia
3256,256,4/17/2026,23:20:48,4/17/2026 23:20:48,256,16,944.37,in progress,Philippines
3257,257,9/29/2025,5:55:34,9/29/2025 5:55:34,257,17,,suspended,Indonesia
3258,258,2/15/2026,11:14:21,2/15/2026 11:14:21,258,17,944.94,completed,China
3259,,1/30/2026,14:04:08,1/30/2026 14:04:08,259,12,546.75,suspended,Russia
3260,260,5/13/2026,22:53:45,5/13/2026 22:53:45,260,10,886.94,pending,China
3261,261,1/28/2026,18:00:13,1/28/2026 18:00:13,261,15,15.25,completed,Canada
3262,262,1/14/2026,17:58:54,1/14/2026 17:58:54,262,3,671.69,suspended,
3263,263,4/27/2026,17:53:19,4/27/2026 17:53:19,263,2,565.54,cancelled,Russia
3264,264,5/23/2026,9:54:02,5/23/2026 9:54:02,264,1,281.23,completed,Indonesia
3265,265,3/13/2026,20:06:49,3/13/2026 20:06:49,265,8,57.17,inactive,China
3266,266,11/12/2025,14:30:18,11/12/2025 14:30:18,266,10,901.24,suspended,South Africa
3267,267,4/5/2026,3:07:59,4/5/2026 3:07:59,267,5,891.2,on hold,China
3268,268,8/19/2025,0:04:23,8/19/2025 0:04:23,268,13,104.52,completed,China
3269,269,3/18/2026,16:59:37,3/18/2026 16:59:37,269,20,968.0,archived,Russia
3270,270,3/20/2026,12:52:25,3/20/2026 12:52:25,270,20,701.11,resolved,China
3271,271,6/15/2026,12:29:44,6/15/2026 12:29:44,271,14,137.67,active,Philippines
3272,272,10/22/2025,8:25:20,10/22/2025 8:25:20,,3,835.26,on hold,Sweden
3273,273,8/20/2025,14:48:13,8/20/2025 14:48:13,273,15,844.27,suspended,Indonesia
3274,274,4/13/2026,8:32:39,4/13/2026 8:32:39,274,20,898.94,pending,Colombia
3275,275,3/26/2026,15:07:20,3/26/2026 15:07:20,275,,125.43,cancelled,Peru
3276,276,6/16/2026,7:27:39,6/16/2026 7:27:39,276,10,329.06,archived,China
3277,277,8/10/2026,22:08:58,8/10/2026 22:08:58,277,2,193.49,archived,China
3278,278,12/6/2025,17:17:24,12/6/2025 17:17:24,278,17,96.07,cancelled,Indonesia
3279,279,3/29/2026,8:14:51,3/29/2026 8:14:51,279,12,589.07,completed,Brazil
3280,280,8/2/2026,21:08:02,8/2/2026 21:08:02,280,10,83.11,completed,Honduras
3281,281,10/6/2025,14:36:11,10/6/2025 14:36:11,281,12,726.29,active,Indonesia
3282,282,11/23/2025,1:15:39,11/23/2025 1:15:39,282,4,221.96,suspended,Philippines
3283,283,6/21/2026,23:15:36,6/21/2026 23:15:36,283,20,237.38,completed,Vietnam
3284,284,3/9/2026,19:16:45,3/9/2026 19:16:45,284,4,687.71,resolved,Peru
3285,285,9/23/2025,10:37:57,9/23/2025 10:37:57,285,5,,suspended,China
3286,286,6/24/2026,23:31:14,6/24/2026 23:31:14,286,15,,on hold,
3287,287,1/18/2026,11:01:15,1/18/2026 11:01:15,287,11,,cancelled,Kazakhstan
3288,288,10/17/2025,7:18:13,,288,9,247.0,in progress,Thailand
3289,289,1/4/2026,19:22:38,1/4/2026 19:22:38,289,20,137.48,archived,Central African Republic
3290,290,8/14/2025,15:07:30,8/14/2025 15:07:30,290,16,512.9,suspended,Uzbekistan
3291,291,11/10/2025,17:56:53,11/10/2025 17:56:53,291,6,280.47,pending,Poland
3292,,6/18/2026,8:53:01,,292,12,107.11,cancelled,China
3293,293,5/2/2026,9:35:14,5/2/2026 9:35:14,293,4,12.47,suspended,France
3294,294,12/30/2025,8:34:07,12/30/2025 8:34:07,294,8,495.69,on hold,Serbia
3295,295,2/9/2026,10:32:20,2/9/2026 10:32:20,295,3,693.93,inactive,Niger
3296,296,8/28/2025,7:56:49,8/28/2025 7:56:49,296,10,788.89,active,Australia
3297,297,5/10/2026,13:17:21,5/10/2026 13:17:21,297,1,953.2,cancelled,Portugal
3298,298,10/9/2025,19:22:00,10/9/2025 19:22:00,298,11,793.77,on hold,Portugal
3299,299,2/19/2026,0:36:11,2/19/2026 0:36:11,299,20,270.27,archived,
3300,300,12/15/2025,11:35:58,12/15/2025 11:35:58,300,11,484.76,cancelled,Poland
3301,301,3/26/2026,23:41:53,3/26/2026 23:41:53,301,10,378.41,in progress,Indonesia
3302,302,8/9/2026,4:26:24,8/9/2026 4:26:24,,13,387.13,inactive,
3303,303,7/11/2026,14:35:59,7/11/2026 14:35:59,303,10,652.23,suspended,Argentina
3304,304,4/5/2026,9:29:22,4/5/2026 9:29:22,304,8,767.26,,Finland
3305,305,3/4/2026,5:29:53,3/4/2026 5:29:53,305,9,322.69,on hold,Indonesia
3306,306,12/4/2025,22:23:23,12/4/2025 22:23:23,306,15,715.68,completed,Japan
3307,307,9/10/2025,11:50:31,9/10/2025 11:50:31,307,18,25.51,pending,Sierra Leone
3308,308,3/20/2026,7:26:33,3/20/2026 7:26:33,308,15,364.74,suspended,Brazil
3309,309,10/19/2025,9:22:15,10/19/2025 9:22:15,309,3,49.89,on hold,Ukraine
3310,310,2/23/2026,1:33:44,2/23/2026 1:33:44,310,13,407.53,suspended,Turkmenistan
3311,311,2/18/2026,3:52:00,2/18/2026 3:52:00,311,18,323.5,archived,Indonesia
3312,312,12/25/2025,10:46:24,12/25/2025 10:46:24,312,10,364.26,active,China
3313,313,7/22/2026,15:20:07,7/22/2026 15:20:07,313,13,836.55,pending,Indonesia
3314,314,11/6/2025,8:16:00,11/6/2025 8:16:00,314,11,891.01,active,China
3315,315,7/20/2026,20:19:49,7/20/2026 20:19:49,315,9,437.42,active,China
3316,316,5/25/2026,13:40:36,5/25/2026 13:40:36,316,4,915.71,pending,Bulgaria
3317,317,12/29/2025,19:02:40,12/29/2025 19:02:40,317,17,643.88,resolved,Czech Republic
3318,318,10/5/2025,1:08:34,10/5/2025 1:08:34,318,7,24.46,inactive,Greece
3319,319,9/9/2025,11:28:27,9/9/2025 11:28:27,319,17,578.53,active,Greece
3320,320,5/13/2026,18:43:43,5/13/2026 18:43:43,,10,692.21,active,Colombia
3321,321,12/30/2025,4:37:43,12/30/2025 4:37:43,321,10,518.9,cancelled,Ukraine
3322,322,8/29/2025,10:47:46,8/29/2025 10:47:46,322,18,768.19,inactive,
3323,323,9/9/2025,22:24:21,9/9/2025 22:24:21,323,7,582.78,in progress,Togo
3324,324,8/29/2025,1:09:42,8/29/2025 1:09:42,324,5,181.21,inactive,Uganda
3325,325,6/5/2026,11:53:48,6/5/2026 11:53:48,325,12,104.45,resolved,Ecuador
,326,9/12/2025,19:56:34,9/12/2025 19:56:34,326,4,,archived,Philippines
3327,327,5/5/2026,13:56:28,5/5/2026 13:56:28,327,9,411.59,pending,China
,328,11/11/2025,13:29:06,11/11/2025 13:29:06,328,14,596.96,active,Bosnia and Herzegovina
3329,329,9/5/2025,5:46:58,9/5/2025 5:46:58,329,13,902.4,on hold,Mongolia
3330,330,8/11/2025,6:45:35,8/11/2025 6:45:35,330,16,923.89,inactive,China
3331,331,1/28/2026,17:42:15,1/28/2026 17:42:15,331,2,976.19,on hold,China
3332,332,12/10/2025,20:16:15,12/10/2025 20:16:15,332,6,495.92,on hold,Mongolia
3333,333,8/14/2025,21:59:03,8/14/2025 21:59:03,333,6,890.48,archived,Norway
3334,334,2/13/2026,23:13:43,2/13/2026 23:13:43,334,18,631.25,resolved,China
3335,335,8/21/2025,8:43:44,8/21/2025 8:43:44,335,18,807.91,resolved,Mongolia
3336,336,12/27/2025,10:14:38,12/27/2025 10:14:38,336,6,73.68,active,Russia
3337,337,10/21/2025,18:14:51,10/21/2025 18:14:51,337,6,,,Indonesia
3338,338,12/10/2025,9:23:51,12/10/2025 9:23:51,338,18,269.83,completed,Brazil
3339,339,8/5/2025,10:25:09,8/5/2025 10:25:09,339,15,624.64,archived,Indonesia
3340,340,3/10/2026,3:11:54,3/10/2026 3:11:54,340,2,114.83,on hold,Poland
3341,341,11/12/2025,11:01:16,11/12/2025 11:01:16,341,11,893.58,resolved,Micronesia
3342,342,3/18/2026,6:41:22,3/18/2026 6:41:22,342,4,68.95,resolved,Brazil
3343,343,4/13/2026,2:17:30,4/13/2026 2:17:30,343,2,16.48,inactive,Brazil
3344,344,8/18/2025,12:57:51,8/18/2025 12:57:51,344,,167.0,on hold,China
3345,345,1/21/2026,16:47:33,1/21/2026 16:47:33,345,20,854.81,inactive,Mexico
3346,346,12/10/2025,17:14:44,12/10/2025 17:14:44,,15,77.41,completed,Serbia
3347,347,3/12/2026,3:37:20,3/12/2026 3:37:20,347,19,126.93,inactive,Indonesia
3348,348,12/21/2025,17:53:10,12/21/2025 17:53:10,348,7,311.26,archived,Vietnam
3349,349,12/24/2025,11:42:26,12/24/2025 11:42:26,349,6,931.9,suspended,Indonesia
3350,350,3/21/2026,13:30:39,3/21/2026 13:30:39,350,18,627.35,in progress,Indonesia
3351,351,12/30/2025,0:29:56,,351,7,766.07,in progress,Indonesia
3352,352,5/23/2026,15:13:14,5/23/2026 15:13:14,352,16,420.55,completed,
3353,353,8/30/2025,19:38:12,8/30/2025 19:38:12,353,11,753.07,completed,China
3354,354,9/29/2025,0:23:54,9/29/2025 0:23:54,354,6,,archived,Portugal
3355,355,3/16/2026,19:43:47,3/16/2026 19:43:47,355,10,394.87,completed,Mexico
3356,356,2/28/2026,7:01:23,2/28/2026 7:01:23,356,1,873.33,inactive,Ukraine
3357,357,9/17/2025,7:19:37,9/17/2025 7:19:37,357,6,871.81,resolved,China
3358,358,6/12/2026,7:03:52,6/12/2026 7:03:52,358,16,638.04,archived,Brazil
3359,359,2/27/2026,15:40:12,2/27/2026 15:40:12,359,2,26.34,pending,Italy
3360,360,6/7/2026,8:22:55,6/7/2026 8:22:55,360,2,891.57,resolved,Senegal
3361,361,12/30/2025,5:01:02,12/30/2025 5:01:02,361,2,275.54,resolved,Indonesia
3362,362,7/9/2026,23:30:21,7/9/2026 23:30:21,362,16,559.59,active,China
3363,363,10/28/2025,23:45:15,10/28/2025 23:45:15,363,11,876.76,archived,Colombia
3364,364,7/9/2026,18:38:44,7/9/2026 18:38:44,364,3,478.44,suspended,Philippines
3365,365,7/19/2026,6:27:19,7/19/2026 6:27:19,365,19,419.99,in progress,United States
3366,366,12/26/2025,2:06:51,12/26/2025 2:06:51,366,4,386.51,inactive,Cameroon
3367,,1/22/2026,0:57:49,1/22/2026 0:57:49,367,18,702.41,active,Sweden
3368,368,5/26/2026,13:55:30,5/26/2026 13:55:30,368,17,126.22,archived,China
3369,369,10/15/2025,20:43:07,10/15/2025 20:43:07,369,11,703.98,completed,China
3370,370,12/5/2025,16:07:08,12/5/2025 16:07:08,370,17,,inactive,Japan
3371,371,12/22/2025,10:34:38,12/22/2025 10:34:38,371,18,6.23,on hold,Portugal
3372,372,5/24/2026,7:04:24,5/24/2026 7:04:24,372,1,,in progress,China
3373,373,4/10/2026,18:25:42,4/10/2026 18:25:42,373,13,967.53,in progress,China
3374,374,5/8/2026,11:53:15,5/8/2026 11:53:15,374,6,174.75,pending,Philippines
3375,375,4/23/2026,6:08:59,4/23/2026 6:08:59,375,1,282.02,resolved,Croatia
3376,376,4/16/2026,7:08:44,4/16/2026 7:08:44,376,3,960.38,suspended,Portugal
3377,377,4/16/2026,6:20:24,4/16/2026 6:20:24,377,13,,in progress,Peru
3378,378,4/23/2026,19:40:05,4/23/2026 19:40:05,378,13,168.29,resolved,Kenya
3379,379,12/20/2025,12:29:58,12/20/2025 12:29:58,379,13,145.88,completed,Ukraine
3380,380,7/6/2026,6:46:34,7/6/2026 6:46:34,380,4,120.16,archived,Turkmenistan
3381,381,3/15/2026,7:42:47,3/15/2026 7:42:47,381,4,,completed,Russia
3382,382,6/14/2026,17:52:45,6/14/2026 17:52:45,382,6,452.97,resolved,Armenia
3383,383,8/7/2026,19:21:04,8/7/2026 19:21:04,383,1,,resolved,China
3384,384,4/9/2026,20:03:03,4/9/2026 20:03:03,384,16,315.86,archived,Greece
3385,385,11/27/2025,20:01:21,11/27/2025 20:01:21,385,19,107.8,inactive,Zimbabwe
3386,386,2/21/2026,17:19:26,2/21/2026 17:19:26,386,7,680.86,on hold,Indonesia
3387,387,3/8/2026,2:06:04,3/8/2026 2:06:04,387,15,636.89,pending,North Korea
3388,388,9/28/2025,17:20:20,9/28/2025 17:20:20,388,8,,cancelled,China
3389,389,6/18/2026,0:17:33,6/18/2026 0:17:33,389,20,,inactive,Portugal
3390,390,10/11/2025,1:37:58,10/11/2025 1:37:58,390,4,97.58,archived,Philippines
3391,391,11/17/2025,23:10:02,11/17/2025 23:10:02,391,6,301.25,on hold,Brazil
3392,392,7/31/2026,20:50:41,7/31/2026 20:50:41,392,10,466.83,cancelled,China
3393,393,2/20/2026,2:48:08,2/20/2026 2:48:08,393,9,900.81,on hold,Bolivia
3394,394,11/4/2025,18:08:29,11/4/2025 18:08:29,394,11,545.7,active,Indonesia
3395,395,4/7/2026,12:09:28,4/7/2026 12:09:28,395,12,80.65,active,Armenia
3396,396,9/14/2025,10:03:28,9/14/2025 10:03:28,396,13,136.77,archived,United States
3397,397,11/15/2025,7:49:29,11/15/2025 7:49:29,397,15,738.87,in progress,Czech Republic
3398,398,5/18/2026,6:22:51,5/18/2026 6:22:51,398,15,498.29,on hold,China
3399,399,11/30/2025,3:59:50,11/30/2025 3:59:50,399,11,,inactive,Czech Republic
3400,400,5/23/2026,19:22:48,5/23/2026 19:22:48,400,10,815.3,in progress,Cuba
3401,401,2/11/2026,11:46:18,2/11/2026 11:46:18,401,18,302.97,inactive,China
3402,402,12/23/2025,16:41:54,12/23/2025 16:41:54,402,16,802.72,on hold,Nicaragua
3403,403,4/29/2026,19:59:46,4/29/2026 19:59:46,403,14,318.31,resolved,
3404,404,4/19/2026,2:19:10,4/19/2026 2:19:10,404,14,770.23,suspended,China
3405,405,7/17/2026,16:43:55,7/17/2026 16:43:55,405,2,553.56,pending,China
3406,406,11/9/2025,6:19:04,11/9/2025 6:19:04,406,8,828.83,inactive,Russia
3407,407,3/1/2026,14:40:10,3/1/2026 14:40:10,407,8,12.59,active,Norway
3408,408,6/30/2026,21:39:39,6/30/2026 21:39:39,408,1,969.06,inactive,Russia
3409,409,8/31/2025,22:59:38,8/31/2025 22:59:38,409,4,620.57,archived,North Korea
3410,410,1/28/2026,20:57:32,1/28/2026 20:57:32,410,,399.39,resolved,Indonesia
3411,411,8/10/2026,13:48:08,8/10/2026 13:48:08,411,2,176.82,resolved,Lesotho
3412,412,5/15/2026,3:39:52,5/15/2026 3:39:52,412,20,70.44,in progress,Indonesia
3413,413,2/22/2026,13:10:57,2/22/2026 13:10:57,,20,588.75,cancelled,France
3414,414,8/9/2026,19:14:23,8/9/2026 19:14:23,414,8,65.1,pending,Mali
3415,415,1/3/2026,14:36:13,,415,7,263.28,cancelled,Argentina
3416,416,7/25/2026,3:12:37,7/25/2026 3:12:37,416,2,532.75,resolved,Bulgaria
3417,417,7/4/2026,19:25:44,7/4/2026 19:25:44,417,11,314.42,cancelled,Tunisia
3418,418,7/1/2026,8:14:03,7/1/2026 8:14:03,418,12,852.63,resolved,South Africa
3419,419,5/25/2026,7:43:54,5/25/2026 7:43:54,419,18,942.76,suspended,Ukraine
3420,420,3/7/2026,10:24:16,3/7/2026 10:24:16,,19,41.27,on hold,South Korea
3421,421,11/14/2025,10:51:08,11/14/2025 10:51:08,421,15,955.84,active,
3422,422,11/1/2025,10:24:25,11/1/2025 10:24:25,422,17,727.61,inactive,France
3423,423,8/7/2026,14:35:59,8/7/2026 14:35:59,423,11,958.77,in progress,Argentina
3424,424,10/29/2025,12:27:49,10/29/2025 12:27:49,424,5,851.66,suspended,Canada
3425,425,8/6/2026,0:37:49,8/6/2026 0:37:49,425,4,717.33,cancelled,Indonesia
3426,426,3/9/2026,1:02:09,3/9/2026 1:02:09,426,13,115.6,in progress,Indonesia
3427,427,7/15/2026,1:27:07,7/15/2026 1:27:07,427,1,293.82,in progress,Lithuania
3428,428,1/15/2026,8:51:25,1/15/2026 8:51:25,428,8,470.99,active,Honduras
3429,429,11/4/2025,20:20:18,11/4/2025 20:20:18,,,124.88,suspended,Canada
,430,8/19/2025,0:26:21,8/19/2025 0:26:21,430,4,834.54,on hold,Canada
3431,431,8/26/2025,3:38:31,8/26/2025 3:38:31,431,20,719.17,pending,Japan
3432,432,4/8/2026,6:12:05,4/8/2026 6:12:05,432,19,39.17,pending,France
3433,433,3/26/2026,2:33:19,3/26/2026 2:33:19,433,14,82.87,in progress,Portugal
3434,434,12/14/2025,5:34:15,12/14/2025 5:34:15,434,11,646.59,inactive,Thailand
3435,435,11/20/2025,12:11:02,11/20/2025 12:11:02,435,,975.78,cancelled,Japan
3436,436,3/28/2026,7:21:10,3/28/2026 7:21:10,436,15,760.29,in progress,Indonesia
3437,437,5/27/2026,2:35:29,5/27/2026 2:35:29,437,18,192.29,pending,Colombia
3438,438,12/28/2025,6:02:38,12/28/2025 6:02:38,438,12,789.4,resolved,China
3439,,4/9/2026,18:57:11,4/9/2026 18:57:11,439,8,647.84,on hold,Argentina
3440,440,8/1/2026,23:52:31,8/1/2026 23:52:31,440,11,412.82,resolved,Portugal
3441,441,10/11/2025,17:44:27,10/11/2025 17:44:27,441,5,532.83,archived,Uganda
3442,442,11/2/2025,8:36:57,11/2/2025 8:36:57,442,16,210.73,archived,Argentina
3443,443,1/7/2026,8:27:40,1/7/2026 8:27:40,443,14,,in progress,Philippines
,444,6/28/2026,1:02:16,6/28/2026 1:02:16,444,1,674.59,archived,Peru
3445,445,2/10/2026,8:10:55,2/10/2026 8:10:55,445,3,627.13,cancelled,Brazil
3446,446,12/5/2025,10:04:15,12/5/2025 10:04:15,446,12,,completed,Cameroon
3447,447,3/25/2026,3:36:16,3/25/2026 3:36:16,447,17,882.26,pending,Ireland
3448,448,2/18/2026,15:11:07,2/18/2026 15:11:07,448,13,688.47,active,Philippines
3449,449,11/28/2025,22:02:54,11/28/2025 22:02:54,449,16,741.86,active,United States
3450,450,3/15/2026,4:40:29,3/15/2026 4:40:29,450,6,85.23,resolved,Sweden
3451,451,7/2/2026,5:12:34,7/2/2026 5:12:34,451,9,701.85,inactive,Russia
3452,452,6/9/2026,10:01:49,6/9/2026 10:01:49,452,7,966.62,completed,Portugal
3453,453,8/6/2025,21:25:18,8/6/2025 21:25:18,453,11,533.2,completed,China
3454,454,6/18/2026,8:16:22,6/18/2026 8:16:22,454,18,560.66,on hold,United States
3455,455,3/30/2026,0:25:20,3/30/2026 0:25:20,455,,159.59,in progress,Japan
3456,456,9/25/2025,6:56:11,9/25/2025 6:56:11,456,20,251.79,on hold,Panama
3457,457,9/2/2025,15:01:33,9/2/2025 15:01:33,457,4,656.5,archived,Brazil
3458,458,8/2/2025,20:11:23,8/2/2025 20:11:23,458,3,872.94,in progress,Japan
3459,459,9/9/2025,23:40:24,9/9/2025 23:40:24,459,19,132.16,resolved,Brazil
3460,460,8/10/2025,7:12:56,8/10/2025 7:12:56,460,20,783.84,pending,Portugal
3461,461,8/28/2025,12:56:52,8/28/2025 12:56:52,461,8,553.06,cancelled,Luxembourg
3462,462,6/22/2026,13:18:46,,462,13,936.42,on hold,Poland
3463,463,7/20/2026,19:19:37,7/20/2026 19:19:37,463,16,,archived,Sweden
3464,464,10/13/2025,19:31:12,10/13/2025 19:31:12,464,19,100.61,archived,Colombia
3465,465,4/16/2026,7:19:18,4/16/2026 7:19:18,465,20,438.2,resolved,Brazil
3466,466,2/8/2026,16:14:06,2/8/2026 16:14:06,466,17,740.23,on hold,Greece
3467,467,3/3/2026,12:55:09,3/3/2026 12:55:09,467,7,259.66,resolved,Czech Republic
3468,468,4/6/2026,18:16:20,4/6/2026 18:16:20,468,12,115.12,cancelled,Philippines
3469,469,8/9/2026,17:40:37,8/9/2026 17:40:37,469,1,615.94,cancelled,China
3470,470,2/21/2026,14:21:50,2/21/2026 14:21:50,470,9,48.54,pending,China
,471,7/25/2026,13:37:47,7/25/2026 13:37:47,471,18,38.95,active,China
3472,472,8/6/2025,8:24:05,8/6/2025 8:24:05,472,7,702.58,in progress,Indonesia
3473,473,5/23/2026,18:47:28,5/23/2026 18:47:28,473,12,683.55,cancelled,Indonesia
3474,474,8/25/2025,11:33:37,8/25/2025 11:33:37,474,2,777.71,inactive,Philippines
3475,475,11/18/2025,9:16:30,11/18/2025 9:16:30,475,,82.74,on hold,China
3476,476,7/24/2026,18:34:03,7/24/2026 18:34:03,476,9,375.86,in progress,Peru
3477,477,8/10/2026,20:49:51,8/10/2026 20:49:51,477,9,981.54,inactive,China
3478,478,6/19/2026,5:07:39,6/19/2026 5:07:39,478,16,177.08,on hold,Croatia
3479,479,10/10/2025,13:27:06,10/10/2025 13:27:06,479,20,671.26,suspended,Mexico
3480,480,9/15/2025,4:30:49,9/15/2025 4:30:49,480,2,761.07,active,China
3481,481,11/13/2025,0:40:23,11/13/2025 0:40:23,481,16,43.97,in progress,Brazil
3482,482,1/11/2026,18:06:02,1/11/2026 18:06:02,482,,647.45,cancelled,Lebanon
3483,483,4/17/2026,15:23:10,4/17/2026 15:23:10,483,19,344.19,completed,China
3484,484,8/2/2026,12:41:57,8/2/2026 12:41:57,484,2,334.96,suspended,Sweden
3485,485,1/19/2026,7:09:27,,485,17,282.49,suspended,France
3486,486,4/3/2026,22:10:04,,486,14,811.61,pending,France
3487,487,8/27/2025,14:24:51,8/27/2025 14:24:51,487,9,918.58,inactive,Russia
3488,488,2/19/2026,20:25:54,2/19/2026 20:25:54,488,10,316.29,resolved,China
3489,489,3/16/2026,1:36:20,3/16/2026 1:36:20,489,20,328.37,on hold,Dominican Republic
3490,490,5/20/2026,6:10:15,5/20/2026 6:10:15,490,3,786.38,inactive,Vietnam
3491,491,2/10/2026,23:03:23,2/10/2026 23:03:23,491,13,128.21,completed,Tanzania
3492,492,9/19/2025,9:45:09,9/19/2025 9:45:09,492,12,843.22,cancelled,Japan
3493,493,11/11/2025,10:29:21,11/11/2025 10:29:21,493,11,400.58,on hold,France
3494,494,4/21/2026,6:13:02,4/21/2026 6:13:02,494,15,66.95,in progress,Brazil
3495,495,11/11/2025,13:17:27,11/11/2025 13:17:27,495,11,376.78,resolved,Germany
3496,496,1/30/2026,4:56:27,1/30/2026 4:56:27,496,8,798.79,active,Russia
3497,497,3/25/2026,21:17:02,3/25/2026 21:17:02,497,6,263.37,archived,South Africa
3498,498,5/15/2026,13:08:38,5/15/2026 13:08:38,498,6,987.4,,Peru
3499,499,6/25/2026,6:54:42,6/25/2026 6:54:42,499,4,11.07,,Estonia
3500,500,8/3/2025,7:16:46,8/3/2025 7:16:46,500,13,421.6,active,Sweden
3501,501,2/18/2026,4:48:39,2/18/2026 4:48:39,501,2,5.9,pending,Saudi Arabia
3502,502,1/7/2026,13:55:54,1/7/2026 13:55:54,502,11,431.87,resolved,Portugal
3503,503,4/13/2026,0:54:50,4/13/2026 0:54:50,,17,874.7,archived,Argentina
3504,504,5/1/2026,19:46:45,,504,9,,suspended,Portugal
3505,505,5/26/2026,20:06:44,5/26/2026 20:06:44,505,6,606.54,pending,Russia
3506,506,8/5/2026,21:29:37,,506,6,,pending,Japan
3507,507,8/12/2025,4:04:46,8/12/2025 4:04:46,507,6,484.83,active,Mongolia
3508,508,7/26/2026,0:55:43,7/26/2026 0:55:43,,18,424.25,in progress,China
3509,509,2/22/2026,17:02:21,2/22/2026 17:02:21,509,13,587.33,,Poland
3510,510,11/16/2025,7:18:50,11/16/2025 7:18:50,510,9,750.73,archived,Jordan
3511,511,10/3/2025,1:23:10,10/3/2025 1:23:10,511,16,763.85,in progress,Indonesia
3512,512,9/12/2025,4:23:34,9/12/2025 4:23:34,512,7,946.48,on hold,Barbados
3513,513,9/14/2025,18:14:31,9/14/2025 18:14:31,513,19,903.61,cancelled,Slovakia
3514,514,12/11/2025,5:01:56,12/11/2025 5:01:56,514,2,131.85,inactive,Japan
3515,515,3/22/2026,5:20:10,3/22/2026 5:20:10,515,13,760.8,resolved,China
3516,516,4/8/2026,3:56:36,4/8/2026 3:56:36,516,16,354.57,on hold,Indonesia
3517,517,8/1/2026,12:44:04,8/1/2026 12:44:04,517,14,647.71,active,Argentina
3518,518,4/2/2026,15:26:26,4/2/2026 15:26:26,518,6,845.36,archived,Nigeria
3519,519,1/22/2026,20:31:27,1/22/2026 20:31:27,519,11,693.03,pending,Poland
3520,520,9/19/2025,17:42:57,,520,,735.82,active,Indonesia
3521,521,1/1/2026,12:51:54,1/1/2026 12:51:54,521,,203.74,inactive,China
3522,522,12/11/2025,16:51:13,12/11/2025 16:51:13,522,11,452.96,,Canada
3523,523,11/26/2025,20:33:12,11/26/2025 20:33:12,523,9,846.28,archived,Sweden
3524,524,2/13/2026,3:35:10,2/13/2026 3:35:10,524,1,582.75,resolved,
3525,525,10/16/2025,0:16:24,10/16/2025 0:16:24,,10,365.85,suspended,Czech Republic
3526,526,1/11/2026,8:46:19,1/11/2026 8:46:19,526,4,906.59,pending,Canada
3527,527,11/17/2025,8:18:28,11/17/2025 8:18:28,527,20,896.29,completed,Ireland
3528,528,12/9/2025,2:13:45,12/9/2025 2:13:45,528,18,429.39,cancelled,China
3529,529,5/3/2026,3:52:27,5/3/2026 3:52:27,529,2,121.42,suspended,China
3530,530,4/9/2026,2:56:42,4/9/2026 2:56:42,530,1,861.82,resolved,Peru
3531,531,11/13/2025,21:25:47,11/13/2025 21:25:47,531,3,805.86,pending,Macedonia
3532,532,3/21/2026,22:45:29,3/21/2026 22:45:29,532,10,442.1,pending,Russia
3533,533,10/28/2025,6:12:12,10/28/2025 6:12:12,533,9,160.76,cancelled,Vietnam
3534,534,12/5/2025,22:39:57,12/5/2025 22:39:57,534,2,720.3,inactive,China
3535,535,2/11/2026,11:09:21,2/11/2026 11:09:21,535,12,785.41,inactive,Indonesia
3536,536,11/16/2025,6:55:13,11/16/2025 6:55:13,536,8,730.15,resolved,Indonesia
3537,537,3/7/2026,5:17:38,3/7/2026 5:17:38,537,3,767.72,active,Burkina Faso
3538,538,9/10/2025,1:42:07,9/10/2025 1:42:07,538,2,418.08,in progress,Serbia
3539,539,2/21/2026,13:45:23,2/21/2026 13:45:23,539,6,262.86,active,China
3540,540,10/14/2025,17:39:21,10/14/2025 17:39:21,540,9,699.85,pending,Greece
3541,541,7/14/2026,1:51:48,7/14/2026 1:51:48,541,4,100.84,,Japan
3542,542,1/22/2026,8:14:15,1/22/2026 8:14:15,542,14,,active,Sudan
3543,,11/19/2025,6:28:36,11/19/2025 6:28:36,543,15,857.23,in progress,
3544,544,8/3/2026,11:46:52,8/3/2026 11:46:52,544,6,738.13,pending,France
3545,545,12/17/2025,10:15:06,12/17/2025 10:15:06,545,20,852.26,inactive,China
3546,546,8/7/2025,22:25:01,8/7/2025 22:25:01,546,10,544.24,completed,Honduras
3547,547,6/2/2026,2:11:18,6/2/2026 2:11:18,547,13,212.1,pending,Russia
3548,548,6/7/2026,23:05:10,6/7/2026 23:05:10,548,2,336.84,completed,Indonesia
3549,549,11/20/2025,10:20:28,11/20/2025 10:20:28,549,17,3.72,active,Poland
3550,550,6/7/2026,17:07:40,6/7/2026 17:07:40,550,8,902.02,completed,Canada
3551,551,4/10/2026,11:57:35,4/10/2026 11:57:35,551,4,420.76,resolved,China
3552,552,10/31/2025,21:51:53,10/31/2025 21:51:53,552,20,279.67,in progress,China
3553,553,3/20/2026,15:04:20,3/20/2026 15:04:20,553,16,109.17,archived,Ukraine
3554,554,8/23/2025,0:55:53,8/23/2025 0:55:53,554,5,125.83,suspended,Philippines
3555,555,4/30/2026,8:20:58,4/30/2026 8:20:58,555,5,214.4,in progress,
3556,556,9/14/2025,17:27:38,9/14/2025 17:27:38,556,,16.03,in progress,Niger
3557,557,10/19/2025,19:20:06,10/19/2025 19:20:06,557,18,938.53,on hold,Russia
3558,558,6/11/2026,11:57:58,6/11/2026 11:57:58,558,2,565.17,resolved,Somalia
3559,559,9/25/2025,13:32:09,9/25/2025 13:32:09,559,9,2.2,on hold,Bulgaria
3560,560,5/13/2026,10:54:53,5/13/2026 10:54:53,560,20,344.65,active,Philippines
3561,561,3/28/2026,9:37:59,3/28/2026 9:37:59,561,5,802.88,pending,China
3562,562,8/23/2025,5:39:01,8/23/2025 5:39:01,562,8,503.54,resolved,South Korea
3563,563,11/23/2025,6:36:24,11/23/2025 6:36:24,563,18,235.75,inactive,Indonesia
3564,564,8/3/2025,1:10:19,8/3/2025 1:10:19,564,12,64.66,,Philippines
3565,565,3/6/2026,9:47:34,3/6/2026 9:47:34,565,16,578.89,inactive,China
,566,12/20/2025,3:39:04,12/20/2025 3:39:04,566,4,681.91,active,Ukraine
3567,567,3/23/2026,21:44:47,3/23/2026 21:44:47,567,,595.65,on hold,Cameroon
3568,568,8/24/2025,6:11:01,8/24/2025 6:11:01,568,19,232.63,archived,Russia
3569,569,5/23/2026,18:53:17,5/23/2026 18:53:17,569,3,128.7,suspended,Philippines
3570,570,5/13/2026,22:02:38,,570,15,81.56,archived,
3571,571,7/27/2026,17:22:33,7/27/2026 17:22:33,571,5,527.16,resolved,Palestinian Territory
3572,572,12/12/2025,9:01:47,12/12/2025 9:01:47,572,3,870.61,inactive,Japan
3573,573,1/26/2026,19:24:29,1/26/2026 19:24:29,573,18,39.06,cancelled,China
,574,12/21/2025,10:36:03,12/21/2025 10:36:03,574,7,768.8,resolved,China
3575,575,8/7/2026,1:34:18,8/7/2026 1:34:18,,17,574.2,cancelled,Czech Republic
3576,576,2/23/2026,9:21:55,2/23/2026 9:21:55,576,4,772.25,cancelled,Russia
3577,577,12/1/2025,22:21:12,,577,9,9.29,in progress,Philippines
3578,578,1/8/2026,10:22:58,1/8/2026 10:22:58,578,4,657.19,,Philippines
3579,579,12/13/2025,4:59:29,12/13/2025 4:59:29,579,20,416.1,active,France
3580,580,11/11/2025,23:28:39,11/11/2025 23:28:39,580,2,502.37,cancelled,China
3581,581,12/11/2025,1:44:02,12/11/2025 1:44:02,581,18,937.7,active,Russia
3582,582,11/11/2025,5:29:44,11/11/2025 5:29:44,582,16,559.06,inactive,Indonesia
3583,583,9/19/2025,10:38:29,9/19/2025 10:38:29,583,8,457.28,completed,Finland
3584,584,10/20/2025,23:34:51,10/20/2025 23:34:51,584,5,235.07,,China
3585,585,11/7/2025,3:06:32,11/7/2025 3:06:32,585,10,594.7,in progress,Indonesia
3586,586,6/30/2026,21:07:39,6/30/2026 21:07:39,586,18,337.03,cancelled,Afghanistan
3587,587,12/31/2025,4:50:15,12/31/2025 4:50:15,587,18,628.93,,Estonia
3588,588,4/30/2026,23:54:43,4/30/2026 23:54:43,588,6,23.85,in progress,Thailand
3589,589,2/8/2026,16:35:12,2/8/2026 16:35:12,589,4,40.19,suspended,
3590,590,8/13/2025,22:39:15,8/13/2025 22:39:15,590,9,96.77,cancelled,China
3591,591,7/12/2026,3:09:06,7/12/2026 3:09:06,591,4,965.41,in progress,Benin
3592,592,11/8/2025,19:21:09,11/8/2025 19:21:09,592,1,723.2,resolved,Ukraine
3593,593,12/1/2025,5:40:34,12/1/2025 5:40:34,593,2,341.06,on hold,Peru
3594,594,12/9/2025,18:08:43,12/9/2025 18:08:43,594,19,607.42,on hold,Sweden
3595,,4/5/2026,11:11:20,4/5/2026 11:11:20,595,3,980.08,,
3596,596,10/20/2025,16:40:55,10/20/2025 16:40:55,596,8,226.97,active,Brazil
,597,10/22/2025,13:35:07,10/22/2025 13:35:07,597,14,796.97,completed,Canada
3598,598,1/18/2026,15:31:06,1/18/2026 15:31:06,598,10,949.3,archived,United States
3599,599,11/1/2025,6:29:46,11/1/2025 6:29:46,599,3,557.27,in progress,Ukraine
3600,600,10/10/2025,11:05:12,10/10/2025 11:05:12,600,13,480.57,archived,China
3601,601,9/6/2025,19:33:13,9/6/2025 19:33:13,601,2,443.79,suspended,Myanmar
3602,602,3/4/2026,6:50:32,3/4/2026 6:50:32,602,2,186.58,cancelled,Argentina
3603,603,11/18/2025,14:13:51,11/18/2025 14:13:51,603,4,586.47,completed,China
3604,604,1/10/2026,7:55:41,1/10/2026 7:55:41,604,12,842.13,inactive,Indonesia
3605,605,4/6/2026,17:10:06,4/6/2026 17:10:06,605,3,365.28,active,China
3606,606,8/3/2025,1:07:49,8/3/2025 1:07:49,606,16,204.78,resolved,Indonesia
3607,607,9/15/2025,21:03:45,9/15/2025 21:03:45,607,11,775.37,inactive,Japan
3608,608,6/1/2026,21:03:27,,608,16,867.17,resolved,South Africa
3609,609,6/30/2026,16:57:50,6/30/2026 16:57:50,609,5,650.62,resolved,
3610,610,10/7/2025,7:49:41,10/7/2025 7:49:41,610,4,153.06,in progress,Russia
3611,611,5/13/2026,10:01:12,5/13/2026 10:01:12,611,5,960.34,suspended,Ukraine
3612,612,3/24/2026,15:41:45,3/24/2026 15:41:45,612,15,454.0,inactive,Israel
3613,613,11/25/2025,12:38:31,11/25/2025 12:38:31,613,11,157.07,active,Indonesia
3614,614,1/21/2026,7:38:37,1/21/2026 7:38:37,614,20,178.17,inactive,China
3615,615,6/6/2026,9:36:26,6/6/2026 9:36:26,615,4,237.13,on hold,Pakistan
3616,616,5/16/2026,23:35:50,5/16/2026 23:35:50,616,,896.99,active,China
,617,11/9/2025,23:34:43,11/9/2025 23:34:43,617,15,290.7,active,Sweden
3618,618,9/2/2025,1:18:35,9/2/2025 1:18:35,618,13,345.38,,Indonesia
3619,619,8/4/2026,7:41:12,8/4/2026 7:41:12,619,17,20.53,in progress,Russia
3620,620,6/17/2026,23:16:49,6/17/2026 23:16:49,620,,379.25,cancelled,Indonesia
3621,621,12/29/2025,20:06:35,12/29/2025 20:06:35,,2,352.65,on hold,Lithuania
3622,622,11/19/2025,22:10:38,11/19/2025 22:10:38,622,7,88.28,pending,Indonesia
3623,623,3/19/2026,5:50:10,3/19/2026 5:50:10,623,1,494.41,in progress,Poland
3624,624,4/11/2026,19:12:28,4/11/2026 19:12:28,624,6,522.0,inactive,China
3625,625,4/3/2026,8:21:56,4/3/2026 8:21:56,625,20,417.6,suspended,Puerto Rico
3626,626,4/21/2026,20:22:28,4/21/2026 20:22:28,626,15,369.76,active,Indonesia
3627,627,5/9/2026,8:53:31,5/9/2026 8:53:31,627,10,398.56,completed,China
,628,1/12/2026,8:04:16,1/12/2026 8:04:16,628,13,684.29,cancelled,Philippines
3629,629,7/3/2026,23:20:16,7/3/2026 23:20:16,629,11,623.05,archived,China
3630,630,7/5/2026,0:14:00,7/5/2026 0:14:00,630,19,831.6,suspended,Slovenia
3631,631,12/12/2025,13:58:37,12/12/2025 13:58:37,631,5,177.37,archived,Peru
3632,632,10/23/2025,9:03:00,10/23/2025 9:03:00,632,3,890.81,completed,Canada
3633,633,1/30/2026,0:33:53,1/30/2026 0:33:53,633,18,509.56,completed,Thailand
3634,634,8/7/2025,19:20:08,8/7/2025 19:20:08,634,17,645.53,active,Thailand
3635,635,6/14/2026,9:47:33,6/14/2026 9:47:33,635,8,970.59,cancelled,Peru
3636,636,10/25/2025,23:41:14,10/25/2025 23:41:14,636,20,569.05,in progress,China
,637,8/10/2025,19:50:34,8/10/2025 19:50:34,637,7,9.83,in progress,United States
3638,638,11/19/2025,8:31:41,,638,10,981.47,on hold,Finland
3639,639,11/19/2025,5:06:59,11/19/2025 5:06:59,639,2,847.31,cancelled,Poland
3640,640,6/22/2026,17:12:36,6/22/2026 17:12:36,640,15,795.52,resolved,China
3641,641,5/21/2026,5:32:32,5/21/2026 5:32:32,641,9,378.03,inactive,Bulgaria
3642,642,4/30/2026,14:15:51,4/30/2026 14:15:51,642,19,915.02,on hold,"Bonaire, Saint Eustatius and Saba "
3643,643,11/9/2025,9:23:53,11/9/2025 9:23:53,643,12,349.84,completed,United States
3644,644,3/6/2026,22:44:17,3/6/2026 22:44:17,644,17,392.24,active,Brazil
3645,645,12/23/2025,14:33:23,12/23/2025 14:33:23,645,15,528.01,inactive,Indonesia
3646,646,6/12/2026,0:31:13,6/12/2026 0:31:13,646,18,476.21,on hold,Ukraine
3647,647,9/24/2025,21:00:42,9/24/2025 21:00:42,647,5,969.88,on hold,Jamaica
3648,648,5/14/2026,1:52:53,5/14/2026 1:52:53,648,16,605.05,cancelled,Poland
3649,649,4/30/2026,9:53:56,4/30/2026 9:53:56,649,19,811.41,inactive,Poland
3650,650,2/2/2026,4:13:51,2/2/2026 4:13:51,650,19,99.8,,Mexico
3651,651,5/10/2026,9:29:29,5/10/2026 9:29:29,651,19,216.35,completed,United States
3652,652,10/10/2025,2:59:36,10/10/2025 2:59:36,652,16,360.82,cancelled,Czech Republic
3653,653,2/27/2026,12:56:50,2/27/2026 12:56:50,653,11,941.98,,Ireland
3654,654,8/9/2025,10:32:45,8/9/2025 10:32:45,654,7,119.51,pending,Guatemala
3655,655,8/9/2025,9:33:18,,655,19,14.95,,China
3656,656,5/11/2026,23:58:00,5/11/2026 23:58:00,656,4,165.32,pending,Indonesia
3657,657,4/25/2026,7:12:09,4/25/2026 7:12:09,657,14,550.11,,Guatemala
3658,658,2/11/2026,19:46:22,2/11/2026 19:46:22,658,4,240.66,suspended,China
3659,,5/5/2026,19:38:35,5/5/2026 19:38:35,659,14,617.93,in progress,Malaysia
3660,660,12/13/2025,8:42:29,12/13/2025 8:42:29,660,8,120.11,in progress,Pakistan
3661,661,8/2/2025,21:16:36,8/2/2025 21:16:36,661,20,560.94,in progress,China
3662,662,12/25/2025,18:14:57,12/25/2025 18:14:57,662,18,985.18,resolved,Nigeria
3663,663,8/7/2025,17:10:46,8/7/2025 17:10:46,663,20,209.85,,Portugal
3664,664,3/23/2026,17:42:04,3/23/2026 17:42:04,664,9,955.96,cancelled,Iceland
3665,665,1/20/2026,6:08:35,1/20/2026 6:08:35,665,18,634.14,suspended,Philippines
3666,666,4/18/2026,11:25:51,4/18/2026 11:25:51,666,17,283.44,on hold,China
3667,667,12/4/2025,19:14:34,12/4/2025 19:14:34,667,18,80.97,on hold,Malaysia
3668,668,3/17/2026,23:37:17,3/17/2026 23:37:17,668,7,738.86,suspended,
3669,669,10/15/2025,19:29:47,10/15/2025 19:29:47,669,17,268.68,pending,Indonesia
3670,,1/13/2026,3:11:32,1/13/2026 3:11:32,670,16,898.47,cancelled,Philippines
3671,671,11/26/2025,17:12:31,11/26/2025 17:12:31,671,10,805.16,inactive,Brazil
3672,672,10/31/2025,14:24:56,10/31/2025 14:24:56,672,12,,active,Indonesia
3673,673,10/12/2025,3:06:04,10/12/2025 3:06:04,673,,342.06,archived,
3674,674,3/5/2026,15:33:05,3/5/2026 15:33:05,674,5,607.43,cancelled,Vietnam
3675,675,9/8/2025,18:40:44,9/8/2025 18:40:44,675,11,975.4,active,Bulgaria
3676,676,1/27/2026,23:12:49,1/27/2026 23:12:49,676,14,547.87,in progress,Japan
3677,677,10/15/2025,5:48:19,10/15/2025 5:48:19,677,,583.4,resolved,Papua New Guinea
3678,678,11/8/2025,15:59:51,11/8/2025 15:59:51,678,11,540.48,on hold,Philippines
3679,679,8/7/2025,21:53:01,8/7/2025 21:53:01,679,9,918.94,pending,Latvia
,680,11/4/2025,14:17:05,11/4/2025 14:17:05,680,14,119.89,completed,Poland
3681,681,1/16/2026,9:02:31,1/16/2026 9:02:31,681,3,40.06,resolved,United States
3682,682,2/13/2026,11:04:17,2/13/2026 11:04:17,682,14,866.75,pending,Czech Republic
3683,683,3/4/2026,11:21:27,3/4/2026 11:21:27,683,5,301.61,active,South Korea
3684,684,2/3/2026,16:11:38,2/3/2026 16:11:38,684,17,540.17,,Indonesia
3685,685,9/17/2025,20:04:44,9/17/2025 20:04:44,685,12,814.18,active,China
3686,686,11/26/2025,16:05:39,11/26/2025 16:05:39,686,6,269.38,inactive,Sweden
3687,687,10/22/2025,18:14:54,10/22/2025 18:14:54,687,18,629.83,resolved,Iraq
3688,688,3/22/2026,20:28:18,3/22/2026 20:28:18,,20,904.8,,Spain
3689,689,9/26/2025,21:54:56,9/26/2025 21:54:56,689,20,803.02,pending,Poland
3690,690,2/4/2026,13:53:30,2/4/2026 13:53:30,690,2,738.25,active,Ivory Coast
3691,691,9/25/2025,10:38:52,9/25/2025 10:38:52,691,16,630.6,pending,Morocco
3692,692,8/22/2025,18:42:39,8/22/2025 18:42:39,692,3,423.0,active,Morocco
3693,693,12/3/2025,15:18:36,12/3/2025 15:18:36,693,11,,on hold,Portugal
3694,694,8/31/2025,14:47:21,8/31/2025 14:47:21,694,17,249.01,pending,Sweden
3695,695,7/19/2026,15:18:59,7/19/2026 15:18:59,695,20,55.96,active,China
3696,696,4/28/2026,21:49:51,4/28/2026 21:49:51,696,6,700.65,cancelled,Ukraine
3697,697,5/19/2026,3:14:31,5/19/2026 3:14:31,697,9,269.19,pending,Indonesia
3698,698,12/30/2025,20:19:58,12/30/2025 20:19:58,698,4,745.77,inactive,China
3699,699,10/9/2025,12:44:31,10/9/2025 12:44:31,699,4,699.88,pending,Yemen
3700,700,8/4/2026,0:46:17,8/4/2026 0:46:17,700,4,152.3,pending,Indonesia
3701,701,4/2/2026,19:32:27,4/2/2026 19:32:27,701,2,,,China
3702,702,3/12/2026,17:09:49,3/12/2026 17:09:49,702,11,839.09,suspended,Poland
3703,,10/11/2025,4:29:45,10/11/2025 4:29:45,703,1,143.79,inactive,Panama
3704,704,4/17/2026,1:26:53,4/17/2026 1:26:53,704,19,408.07,cancelled,Russia
3705,705,9/3/2025,16:59:17,9/3/2025 16:59:17,705,12,176.78,inactive,Nigeria
3706,706,2/11/2026,9:23:22,2/11/2026 9:23:22,706,,819.03,suspended,Poland
3707,707,3/15/2026,2:01:02,3/15/2026 2:01:02,707,19,851.44,on hold,Yemen
3708,708,10/28/2025,0:20:01,10/28/2025 0:20:01,708,2,,suspended,Vietnam
3709,709,12/15/2025,23:20:28,12/15/2025 23:20:28,709,14,784.4,pending,Vietnam
3710,710,4/7/2026,19:07:18,4/7/2026 19:07:18,710,8,917.55,pending,China
3711,711,8/17/2025,14:00:17,8/17/2025 14:00:17,711,8,974.9,in progress,Indonesia
3712,712,12/7/2025,9:39:55,12/7/2025 9:39:55,712,6,224.76,inactive,Sweden
3713,713,3/23/2026,5:34:55,3/23/2026 5:34:55,713,2,530.81,active,Colombia
3714,714,6/4/2026,4:50:22,6/4/2026 4:50:22,714,15,324.51,pending,Venezuela
3715,715,7/16/2026,14:43:53,7/16/2026 14:43:53,715,15,256.46,active,Philippines
3716,,12/25/2025,5:37:21,12/25/2025 5:37:21,716,10,595.76,resolved,Canada
3717,717,2/3/2026,16:19:08,2/3/2026 16:19:08,,6,124.44,completed,China
3718,718,3/2/2026,21:15:25,3/2/2026 21:15:25,718,6,115.53,,Japan
3719,719,6/19/2026,13:57:12,,719,11,749.55,completed,China
3720,720,8/16/2025,2:19:33,8/16/2025 2:19:33,720,4,720.53,completed,Sudan
3721,721,4/6/2026,12:03:25,4/6/2026 12:03:25,721,4,657.68,in progress,Indonesia
3722,722,7/9/2026,8:57:50,7/9/2026 8:57:50,722,16,76.18,completed,Greece
3723,723,6/22/2026,2:52:51,6/22/2026 2:52:51,723,11,273.32,inactive,
3724,724,5/31/2026,21:07:03,,724,4,858.8,pending,Macedonia
3725,725,1/12/2026,16:17:23,1/12/2026 16:17:23,725,5,890.46,suspended,North Korea
3726,726,6/29/2026,4:13:01,6/29/2026 4:13:01,726,,934.28,in progress,Honduras
3727,727,2/23/2026,12:57:37,2/23/2026 12:57:37,727,19,335.82,in progress,Indonesia
3728,728,12/30/2025,22:19:25,12/30/2025 22:19:25,728,5,173.26,completed,Indonesia
3729,729,8/3/2026,9:38:07,8/3/2026 9:38:07,729,,987.01,suspended,China
3730,,1/19/2026,1:49:12,1/19/2026 1:49:12,730,4,481.89,in progress,Tunisia
3731,731,6/29/2026,18:29:37,6/29/2026 18:29:37,731,14,195.44,on hold,Tuvalu
3732,732,12/31/2025,21:28:47,12/31/2025 21:28:47,732,8,615.58,suspended,Cuba
3733,733,7/22/2026,12:26:53,7/22/2026 12:26:53,733,16,22.97,in progress,China
3734,734,6/8/2026,8:59:22,6/8/2026 8:59:22,734,14,428.08,in progress,Brazil
3735,735,1/29/2026,19:52:20,1/29/2026 19:52:20,735,1,930.18,completed,Indonesia
3736,736,5/21/2026,0:32:18,5/21/2026 0:32:18,736,,816.39,inactive,Paraguay
3737,737,11/3/2025,18:54:33,11/3/2025 18:54:33,737,5,6.75,pending,
3738,738,3/30/2026,17:48:08,3/30/2026 17:48:08,738,8,296.75,in progress,Philippines
3739,739,10/22/2025,12:35:46,10/22/2025 12:35:46,739,19,317.93,,Tanzania
3740,740,6/11/2026,20:13:34,6/11/2026 20:13:34,740,,967.58,resolved,Germany
3741,741,6/25/2026,7:48:32,6/25/2026 7:48:32,741,10,41.5,cancelled,Kenya
3742,742,10/1/2025,14:14:44,10/1/2025 14:14:44,742,3,195.86,suspended,Argentina
3743,743,11/10/2025,23:38:45,11/10/2025 23:38:45,743,20,319.79,active,China
3744,744,12/23/2025,19:30:19,12/23/2025 19:30:19,744,6,456.56,completed,Japan
3745,745,1/20/2026,11:57:33,1/20/2026 11:57:33,745,14,620.05,resolved,Indonesia
,746,5/27/2026,3:35:10,5/27/2026 3:35:10,746,2,112.11,on hold,China
3747,747,10/16/2025,16:02:52,10/16/2025 16:02:52,747,19,458.21,completed,Russia
3748,748,7/2/2026,15:06:19,7/2/2026 15:06:19,,8,707.73,in progress,Kazakhstan
3749,749,1/27/2026,23:11:17,1/27/2026 23:11:17,749,14,927.99,in progress,Iran
3750,750,4/20/2026,13:32:12,4/20/2026 13:32:12,750,11,181.74,pending,Thailand
3751,751,11/18/2025,19:07:21,11/18/2025 19:07:21,751,1,226.63,in progress,Sri Lanka
3752,752,3/21/2026,19:34:09,3/21/2026 19:34:09,752,15,382.16,resolved,Germany
3753,753,9/3/2025,21:02:47,9/3/2025 21:02:47,753,12,797.59,cancelled,Russia
3754,754,2/24/2026,3:46:54,2/24/2026 3:46:54,754,20,704.18,on hold,Dominican Republic
,755,10/6/2025,9:42:49,10/6/2025 9:42:49,755,1,666.47,in progress,Ukraine
3756,756,9/3/2025,5:46:18,9/3/2025 5:46:18,756,15,883.02,pending,Malaysia
3757,757,5/24/2026,20:29:41,5/24/2026 20:29:41,757,20,350.12,pending,
3758,758,7/29/2026,14:00:17,7/29/2026 14:00:17,758,4,207.25,,
3759,759,3/27/2026,10:42:34,3/27/2026 10:42:34,759,7,960.26,cancelled,South Korea
3760,760,6/11/2026,20:35:29,6/11/2026 20:35:29,760,10,778.32,completed,Colombia
3761,761,12/16/2025,23:02:15,12/16/2025 23:02:15,761,9,779.71,suspended,Thailand
3762,762,9/7/2025,10:36:01,,762,11,954.89,inactive,Brazil
3763,763,7/1/2026,2:30:23,7/1/2026 2:30:23,763,4,414.66,completed,Indonesia
,764,5/5/2026,9:58:57,5/5/2026 9:58:57,764,9,285.95,completed,France
3765,765,8/31/2025,21:57:01,8/31/2025 21:57:01,765,15,910.28,active,Mexico
3766,766,8/10/2025,9:06:26,8/10/2025 9:06:26,766,7,148.71,on hold,China
3767,767,6/23/2026,5:05:15,6/23/2026 5:05:15,767,13,894.35,cancelled,Brazil
3768,768,4/25/2026,15:55:42,4/25/2026 15:55:42,768,17,994.95,cancelled,Mexico
3769,769,1/28/2026,11:25:00,1/28/2026 11:25:00,769,10,891.79,suspended,Poland
3770,770,4/26/2026,2:22:19,4/26/2026 2:22:19,770,11,205.17,suspended,Micronesia
3771,771,5/25/2026,12:41:50,5/25/2026 12:41:50,,7,175.62,completed,
,772,3/24/2026,13:58:15,3/24/2026 13:58:15,772,18,608.74,pending,Indonesia
3773,773,10/6/2025,15:51:58,10/6/2025 15:51:58,773,3,169.01,pending,Indonesia
3774,774,2/18/2026,7:17:25,2/18/2026 7:17:25,774,16,672.46,completed,Tanzania
,775,6/5/2026,1:37:30,6/5/2026 1:37:30,775,16,875.39,inactive,Brazil
3776,776,6/23/2026,16:25:05,6/23/2026 16:25:05,776,5,980.07,cancelled,Armenia
3777,777,7/8/2026,3:26:48,7/8/2026 3:26:48,777,20,629.6,,Belarus
,778,12/12/2025,19:25:21,12/12/2025 19:25:21,778,13,457.98,active,Indonesia
3779,779,12/23/2025,4:18:20,,,15,914.99,pending,Germany
,780,8/10/2025,15:11:49,8/10/2025 15:11:49,780,6,539.96,resolved,Russia
3781,781,11/2/2025,9:27:56,11/2/2025 9:27:56,781,2,102.99,archived,Russia
3782,782,3/3/2026,2:02:37,3/3/2026 2:02:37,782,16,355.34,pending,Taiwan
3783,783,5/10/2026,19:21:51,5/10/2026 19:21:51,783,20,726.57,cancelled,South Africa
3784,784,1/8/2026,17:05:44,1/8/2026 17:05:44,784,3,899.81,on hold,Russia
3785,785,2/13/2026,14:16:37,2/13/2026 14:16:37,785,7,446.43,inactive,Japan
3786,786,3/12/2026,19:30:09,3/12/2026 19:30:09,786,5,,archived,China
3787,787,4/7/2026,14:31:25,4/7/2026 14:31:25,787,1,182.1,completed,United States
3788,788,8/18/2025,16:37:21,8/18/2025 16:37:21,788,13,963.73,suspended,Vietnam
3789,789,3/23/2026,10:42:27,3/23/2026 10:42:27,789,10,53.72,pending,Argentina
3790,790,12/15/2025,17:27:53,12/15/2025 17:27:53,790,10,912.79,in progress,Jordan
3791,791,10/21/2025,22:53:10,10/21/2025 22:53:10,791,6,52.25,suspended,Sweden
3792,792,1/18/2026,18:27:45,1/18/2026 18:27:45,792,12,354.42,inactive,Czech Republic
3793,793,12/20/2025,14:38:12,12/20/2025 14:38:12,793,9,74.9,resolved,New Zealand
3794,794,4/15/2026,0:21:09,4/15/2026 0:21:09,794,7,535.1,in progress,China
3795,795,4/5/2026,20:33:03,4/5/2026 20:33:03,795,18,237.29,inactive,Indonesia
3796,796,8/4/2025,3:18:24,8/4/2025 3:18:24,796,5,455.15,active,Indonesia
3797,797,7/7/2026,3:12:22,7/7/2026 3:12:22,797,3,869.39,on hold,Indonesia
3798,798,6/15/2026,9:50:39,6/15/2026 9:50:39,798,11,721.33,on hold,Indonesia
3799,799,6/27/2026,13:54:29,6/27/2026 13:54:29,799,11,786.96,pending,Portugal
3800,800,8/24/2025,15:48:22,8/24/2025 15:48:22,800,8,712.77,archived,Indonesia
3801,801,1/8/2026,3:49:07,1/8/2026 3:49:07,801,,87.54,resolved,Ecuador
3802,802,1/13/2026,21:41:32,,802,3,346.51,in progress,Philippines
3803,803,12/29/2025,20:06:42,12/29/2025 20:06:42,803,16,560.11,in progress,China
3804,804,8/29/2025,22:29:04,8/29/2025 22:29:04,804,11,79.38,resolved,Russia
3805,805,12/1/2025,13:18:36,12/1/2025 13:18:36,805,,23.8,cancelled,Portugal
3806,806,3/23/2026,19:28:54,3/23/2026 19:28:54,806,2,636.92,resolved,Philippines
3807,807,11/27/2025,21:51:42,11/27/2025 21:51:42,807,4,384.11,completed,Philippines
3808,808,8/27/2025,11:17:58,8/27/2025 11:17:58,808,5,832.02,completed,United States
3809,809,1/17/2026,23:43:59,1/17/2026 23:43:59,809,13,812.32,on hold,Zimbabwe
3810,810,4/15/2026,17:14:02,4/15/2026 17:14:02,810,16,112.08,active,Sudan
3811,811,5/5/2026,23:56:26,5/5/2026 23:56:26,811,7,956.8,pending,
3812,812,1/13/2026,2:49:37,1/13/2026 2:49:37,812,10,305.35,suspended,Botswana
3813,813,8/21/2025,15:46:47,8/21/2025 15:46:47,813,16,109.67,completed,China
3814,814,1/31/2026,18:40:45,,814,7,857.65,in progress,China
3815,815,12/25/2025,21:14:14,12/25/2025 21:14:14,815,18,182.55,pending,Nigeria
3816,816,1/23/2026,13:18:38,1/23/2026 13:18:38,816,11,950.8,on hold,Brazil
3817,817,6/10/2026,23:36:23,6/10/2026 23:36:23,817,,,resolved,Indonesia
3818,818,2/16/2026,2:13:18,2/16/2026 2:13:18,818,11,238.15,active,China
3819,819,5/20/2026,3:42:33,5/20/2026 3:42:33,,14,892.68,on hold,Indonesia
3820,820,2/4/2026,14:01:18,2/4/2026 14:01:18,820,17,758.48,cancelled,Luxembourg
3821,821,5/12/2026,16:36:45,5/12/2026 16:36:45,821,17,842.4,resolved,Indonesia
3822,822,5/8/2026,2:37:17,5/8/2026 2:37:17,822,7,723.07,on hold,Uzbekistan
3823,823,9/10/2025,9:11:02,9/10/2025 9:11:02,823,19,216.44,pending,
3824,824,8/9/2025,5:38:16,8/9/2025 5:38:16,824,19,924.96,active,Russia
3825,825,10/10/2025,10:06:36,10/10/2025 10:06:36,825,15,151.39,resolved,Philippines
,826,6/19/2026,5:00:59,6/19/2026 5:00:59,826,11,399.4,in progress,Russia
3827,827,10/18/2025,13:18:12,10/18/2025 13:18:12,827,6,,resolved,Macedonia
3828,828,5/27/2026,23:39:03,5/27/2026 23:39:03,828,4,147.66,cancelled,Japan
3829,829,2/1/2026,11:24:40,2/1/2026 11:24:40,829,14,680.3,completed,China
3830,830,2/15/2026,8:59:35,2/15/2026 8:59:35,830,13,779.1,inactive,Brazil
3831,831,8/25/2025,10:52:15,8/25/2025 10:52:15,831,7,,cancelled,Russia
3832,832,12/12/2025,3:00:10,12/12/2025 3:00:10,832,17,747.74,in progress,Sweden
3833,833,9/12/2025,7:45:22,9/12/2025 7:45:22,833,,693.53,suspended,Iraq
3834,834,5/24/2026,21:51:19,5/24/2026 21:51:19,834,19,760.38,active,Egypt
,835,6/10/2026,12:38:29,6/10/2026 12:38:29,835,9,773.06,suspended,Syria
3836,836,2/19/2026,4:51:19,2/19/2026 4:51:19,836,8,434.07,pending,Vietnam
3837,837,9/1/2025,7:04:02,9/1/2025 7:04:02,837,13,26.14,archived,China
3838,838,4/26/2026,5:51:28,4/26/2026 5:51:28,838,13,65.35,completed,France
3839,839,12/12/2025,20:58:19,12/12/2025 20:58:19,839,1,95.12,cancelled,Brazil
3840,840,10/23/2025,22:03:29,10/23/2025 22:03:29,840,13,961.57,in progress,France
3841,841,8/31/2025,3:09:57,8/31/2025 3:09:57,841,3,971.07,suspended,China
3842,842,8/7/2025,22:23:06,8/7/2025 22:23:06,842,20,621.55,archived,South Africa
3843,843,5/7/2026,11:57:13,5/7/2026 11:57:13,843,12,439.97,suspended,Portugal
3844,844,5/14/2026,17:21:18,,844,12,702.69,on hold,China
3845,845,2/10/2026,4:26:57,2/10/2026 4:26:57,845,18,251.05,archived,Finland
3846,846,6/23/2026,9:27:16,6/23/2026 9:27:16,846,16,389.2,active,Mexico
3847,847,8/19/2025,0:02:26,8/19/2025 0:02:26,847,2,596.12,archived,Syria
3848,848,2/26/2026,20:34:46,2/26/2026 20:34:46,,19,169.19,pending,China
3849,849,1/17/2026,14:34:30,1/17/2026 14:34:30,849,14,626.84,active,Pakistan
3850,850,1/20/2026,11:40:39,1/20/2026 11:40:39,850,16,251.41,on hold,Netherlands
3851,851,8/26/2025,10:54:01,8/26/2025 10:54:01,851,10,407.61,in progress,China
3852,852,6/8/2026,5:48:05,6/8/2026 5:48:05,852,3,96.32,resolved,
3853,853,6/18/2026,16:12:44,6/18/2026 16:12:44,853,16,963.04,active,Equatorial Guinea
3854,854,11/17/2025,14:09:07,11/17/2025 14:09:07,854,8,841.75,completed,China
3855,855,3/6/2026,22:16:54,3/6/2026 22:16:54,855,12,,inactive,China
3856,856,11/22/2025,17:22:45,11/22/2025 17:22:45,856,17,190.6,in progress,Norway
3857,857,11/15/2025,8:02:32,11/15/2025 8:02:32,857,10,636.76,inactive,Brazil
3858,858,4/15/2026,1:36:39,4/15/2026 1:36:39,858,11,362.67,in progress,Greece
3859,859,4/24/2026,7:48:51,4/24/2026 7:48:51,859,19,37.39,pending,Serbia
3860,860,11/24/2025,8:32:45,11/24/2025 8:32:45,860,1,154.99,suspended,Lithuania
3861,861,8/8/2025,13:53:50,8/8/2025 13:53:50,861,2,95.13,archived,Bulgaria
3862,862,11/29/2025,4:23:30,11/29/2025 4:23:30,862,1,,resolved,Sweden
3863,863,3/13/2026,21:23:31,3/13/2026 21:23:31,863,17,728.42,inactive,Portugal
3864,864,4/21/2026,10:19:01,4/21/2026 10:19:01,864,11,305.66,on hold,Russia
3865,,11/14/2025,3:33:41,11/14/2025 3:33:41,865,3,303.35,resolved,Mexico
3866,866,7/12/2026,0:51:10,7/12/2026 0:51:10,866,18,670.73,completed,France
3867,867,6/20/2026,18:07:24,6/20/2026 18:07:24,867,6,547.0,active,Russia
3868,868,10/6/2025,3:50:36,10/6/2025 3:50:36,868,20,,archived,Morocco
3869,869,12/26/2025,3:03:51,12/26/2025 3:03:51,869,,518.55,active,France
3870,870,9/20/2025,15:26:19,9/20/2025 15:26:19,870,20,620.95,archived,Laos
3871,871,9/27/2025,17:59:34,9/27/2025 17:59:34,871,8,354.01,suspended,Russia
3872,872,12/6/2025,6:02:16,12/6/2025 6:02:16,872,10,444.13,completed,Kuwait
3873,873,6/26/2026,1:09:39,6/26/2026 1:09:39,873,11,304.01,in progress,
3874,874,10/15/2025,13:58:56,10/15/2025 13:58:56,874,17,772.14,suspended,Thailand
3875,875,4/25/2026,15:19:08,4/25/2026 15:19:08,875,14,808.66,resolved,Russia
3876,876,11/3/2025,11:09:46,11/3/2025 11:09:46,876,18,945.18,active,Japan
3877,877,12/1/2025,14:54:02,12/1/2025 14:54:02,877,18,681.6,active,Poland
3878,878,4/3/2026,7:45:43,4/3/2026 7:45:43,878,16,509.76,resolved,Mexico
3879,879,12/16/2025,23:23:38,12/16/2025 23:23:38,879,5,430.45,pending,Brazil
3880,880,10/23/2025,22:18:44,10/23/2025 22:18:44,880,12,498.44,on hold,China
3881,881,7/24/2026,23:38:51,7/24/2026 23:38:51,881,13,441.82,suspended,Greece
3882,882,6/17/2026,5:42:51,6/17/2026 5:42:51,882,4,,,Brazil
3883,883,10/29/2025,10:51:50,10/29/2025 10:51:50,883,9,881.4,on hold,China
3884,884,5/16/2026,8:52:20,5/16/2026 8:52:20,884,19,510.58,pending,Morocco
3885,885,9/20/2025,14:17:55,9/20/2025 14:17:55,885,10,625.16,archived,Ireland
3886,886,5/18/2026,8:17:36,5/18/2026 8:17:36,886,16,,on hold,France
3887,887,10/26/2025,11:18:40,10/26/2025 11:18:40,887,5,53.74,cancelled,Indonesia
3888,888,9/21/2025,19:43:35,9/21/2025 19:43:35,888,3,538.49,inactive,Poland
3889,889,8/23/2025,12:42:25,8/23/2025 12:42:25,889,6,42.73,active,China
3890,890,7/9/2026,13:21:36,7/9/2026 13:21:36,890,2,534.47,in progress,Brazil
3891,891,10/10/2025,13:00:06,10/10/2025 13:00:06,891,3,201.38,pending,Indonesia
3892,892,6/14/2026,6:30:14,6/14/2026 6:30:14,892,9,979.38,archived,Ukraine
3893,893,11/1/2025,18:03:59,11/1/2025 18:03:59,893,19,890.43,in progress,Philippines
3894,894,8/16/2025,16:03:06,8/16/2025 16:03:06,894,14,,pending,France
3895,895,11/9/2025,4:07:42,11/9/2025 4:07:42,895,3,245.82,cancelled,Greece
3896,896,12/9/2025,12:12:07,12/9/2025 12:12:07,896,8,,cancelled,Russia
3897,897,12/3/2025,16:49:10,12/3/2025 16:49:10,897,3,319.92,in progress,Philippines
3898,898,9/4/2025,4:09:04,9/4/2025 4:09:04,898,8,518.33,on hold,Albania
3899,899,8/7/2025,5:03:02,8/7/2025 5:03:02,899,12,49.83,on hold,China
3900,900,8/7/2026,15:06:24,8/7/2026 15:06:24,900,1,165.11,resolved,Bosnia and Herzegovina
3901,,10/20/2025,8:21:17,10/20/2025 8:21:17,901,4,476.07,archived,China
3902,902,7/19/2026,0:50:20,7/19/2026 0:50:20,902,4,287.71,on hold,Tunisia
3903,903,8/29/2025,0:06:15,8/29/2025 0:06:15,903,6,726.99,suspended,Russia
3904,904,4/10/2026,1:07:35,4/10/2026 1:07:35,904,3,253.14,active,Poland
3905,905,6/7/2026,7:46:02,6/7/2026 7:46:02,905,14,362.46,archived,China
3906,906,8/7/2026,0:04:36,8/7/2026 0:04:36,906,8,634.5,cancelled,China
3907,907,3/9/2026,3:57:51,3/9/2026 3:57:51,907,10,629.62,inactive,Indonesia
3908,908,2/7/2026,14:22:04,2/7/2026 14:22:04,908,8,836.22,on hold,Indonesia
3909,909,8/8/2025,16:04:48,,909,12,292.24,completed,Sweden
3910,910,3/11/2026,7:41:17,3/11/2026 7:41:17,910,19,601.52,on hold,Czech Republic
3911,911,3/15/2026,6:22:20,,911,12,482.18,pending,Bolivia
3912,912,1/22/2026,17:57:33,1/22/2026 17:57:33,912,20,972.41,inactive,Iraq
3913,913,2/25/2026,21:58:44,2/25/2026 21:58:44,913,4,496.56,archived,China
3914,914,7/31/2026,9:25:29,7/31/2026 9:25:29,914,2,121.65,on hold,Kazakhstan
3915,915,11/6/2025,2:13:49,11/6/2025 2:13:49,915,20,35.96,archived,Sweden
3916,916,8/28/2025,7:51:33,8/28/2025 7:51:33,916,13,399.17,completed,China
,917,11/17/2025,18:27:42,11/17/2025 18:27:42,917,8,408.74,completed,
3918,918,8/6/2025,9:38:01,8/6/2025 9:38:01,918,13,271.66,resolved,
3919,919,10/22/2025,11:33:40,10/22/2025 11:33:40,919,,995.72,cancelled,Portugal
3920,920,4/6/2026,2:31:12,4/6/2026 2:31:12,920,18,280.93,cancelled,Guatemala
3921,921,7/10/2026,1:23:27,7/10/2026 1:23:27,,17,588.44,completed,China
3922,922,5/27/2026,20:49:28,5/27/2026 20:49:28,922,16,67.84,archived,Uganda
3923,923,7/3/2026,14:17:46,7/3/2026 14:17:46,923,11,231.54,archived,China
3924,924,9/28/2025,12:30:39,9/28/2025 12:30:39,924,3,781.38,suspended,
3925,925,8/10/2025,2:38:07,8/10/2025 2:38:07,925,20,298.88,inactive,Brazil
3926,926,5/15/2026,8:04:44,5/15/2026 8:04:44,926,19,480.09,pending,Cyprus
3927,927,3/6/2026,14:03:29,3/6/2026 14:03:29,927,8,437.33,on hold,Chile
3928,928,5/31/2026,4:24:48,5/31/2026 4:24:48,928,15,849.32,on hold,France
3929,929,7/1/2026,19:56:02,7/1/2026 19:56:02,929,2,433.33,resolved,Sweden
3930,930,8/25/2025,18:24:18,8/25/2025 18:24:18,930,9,987.25,on hold,Ukraine
3931,931,9/2/2025,8:39:28,9/2/2025 8:39:28,931,6,815.4,suspended,Czech Republic
,,7/8/2026,17:10:34,7/8/2026 17:10:34,932,,911.7,active,Brazil
3933,933,8/26/2025,8:02:13,8/26/2025 8:02:13,933,14,172.08,on hold,China
3934,934,10/24/2025,13:52:05,10/24/2025 13:52:05,934,4,200.71,resolved,China
3935,935,4/13/2026,1:46:13,4/13/2026 1:46:13,935,16,42.69,on hold,Afghanistan
3936,936,12/3/2025,1:23:37,12/3/2025 1:23:37,936,20,835.72,cancelled,Russia
3937,937,2/21/2026,18:54:40,2/21/2026 18:54:40,937,2,455.49,cancelled,Peru
3938,938,5/12/2026,1:21:32,,938,4,366.21,inactive,Sweden
3939,939,7/15/2026,16:27:30,7/15/2026 16:27:30,939,6,451.94,in progress,China
3940,940,1/12/2026,3:00:47,1/12/2026 3:00:47,940,11,402.43,suspended,Philippines
3941,941,12/6/2025,21:27:00,12/6/2025 21:27:00,941,7,854.65,completed,Indonesia
3942,942,2/24/2026,12:58:41,2/24/2026 12:58:41,942,5,466.04,resolved,Portugal
3943,943,3/1/2026,11:43:29,3/1/2026 11:43:29,943,16,460.14,pending,Indonesia
3944,944,8/3/2026,7:10:58,8/3/2026 7:10:58,944,10,517.12,,Honduras
3945,945,12/29/2025,17:57:52,12/29/2025 17:57:52,945,19,496.97,resolved,Russia
3946,946,7/6/2026,1:28:20,7/6/2026 1:28:20,946,13,316.85,resolved,Brazil
3947,947,4/19/2026,20:29:45,4/19/2026 20:29:45,947,14,756.73,suspended,Palestinian Territory
3948,948,12/20/2025,0:39:18,12/20/2025 0:39:18,948,18,682.41,in progress,Sweden
3949,949,1/9/2026,7:27:38,1/9/2026 7:27:38,949,10,629.15,resolved,Philippines
3950,950,9/23/2025,15:58:20,9/23/2025 15:58:20,950,8,520.47,pending,Indonesia
3951,951,11/5/2025,16:51:45,11/5/2025 16:51:45,951,19,546.89,pending,Colombia
3952,952,12/8/2025,11:08:43,,952,1,958.31,active,Philippines
3953,953,1/17/2026,15:12:33,1/17/2026 15:12:33,953,13,440.73,resolved,Peru
,,3/18/2026,10:25:19,3/18/2026 10:25:19,954,14,429.72,active,Norway
3955,955,3/27/2026,18:13:31,,955,15,26.2,suspended,China
3956,956,5/15/2026,14:39:46,5/15/2026 14:39:46,956,19,,pending,Peru
3957,957,1/16/2026,2:24:56,1/16/2026 2:24:56,957,7,159.71,suspended,Russia
3958,958,9/1/2025,4:28:28,9/1/2025 4:28:28,958,10,701.23,pending,Indonesia
3959,959,12/7/2025,12:48:35,12/7/2025 12:48:35,,5,893.01,in progress,Yemen
3960,960,1/30/2026,18:00:06,1/30/2026 18:00:06,960,10,173.77,inactive,Brazil
3961,961,6/19/2026,5:59:42,6/19/2026 5:59:42,961,,,resolved,China
3962,962,8/28/2025,3:37:13,8/28/2025 3:37:13,962,18,457.32,inactive,Colombia
3963,963,1/10/2026,2:24:03,1/10/2026 2:24:03,963,16,649.44,cancelled,France
3964,964,12/27/2025,15:48:41,12/27/2025 15:48:41,964,2,622.55,suspended,Russia
3965,965,5/14/2026,15:23:28,5/14/2026 15:23:28,965,2,785.16,resolved,China
3966,966,3/17/2026,11:09:05,3/17/2026 11:09:05,966,6,720.21,completed,China
3967,967,9/19/2025,1:14:35,9/19/2025 1:14:35,967,13,303.78,completed,Belarus
3968,968,5/1/2026,10:52:33,5/1/2026 10:52:33,968,4,21.27,in progress,Philippines
3969,969,8/13/2025,22:25:07,8/13/2025 22:25:07,969,7,701.41,in progress,China
3970,970,10/28/2025,0:26:46,10/28/2025 0:26:46,970,14,54.42,completed,Canada
3971,971,6/4/2026,12:43:24,6/4/2026 12:43:24,971,7,292.77,inactive,Indonesia
3972,972,3/8/2026,3:25:46,3/8/2026 3:25:46,972,11,679.84,resolved,China
3973,973,12/21/2025,23:03:44,,973,20,452.83,active,Indonesia
3974,974,4/25/2026,3:27:08,4/25/2026 3:27:08,974,12,166.61,suspended,Russia
3975,975,8/12/2025,17:10:34,8/12/2025 17:10:34,,6,10.67,pending,United States
3976,976,5/31/2026,11:41:10,5/31/2026 11:41:10,976,9,989.61,inactive,Malaysia
3977,977,7/23/2026,5:58:31,7/23/2026 5:58:31,977,8,679.65,active,Venezuela
3978,978,11/27/2025,3:56:28,11/27/2025 3:56:28,978,16,779.68,pending,China
3979,979,7/18/2026,23:55:30,7/18/2026 23:55:30,979,11,949.02,resolved,Bangladesh
3980,980,12/3/2025,19:38:21,12/3/2025 19:38:21,980,1,12.37,inactive,China
3981,981,1/16/2026,13:39:50,1/16/2026 13:39:50,981,20,953.15,active,Serbia
3982,982,7/28/2026,8:55:14,7/28/2026 8:55:14,982,9,150.92,on hold,Russia
3983,983,5/7/2026,16:26:54,5/7/2026 16:26:54,983,6,546.0,in progress,Russia
3984,984,11/18/2025,19:04:15,11/18/2025 19:04:15,984,13,621.8,,Portugal
3985,985,2/16/2026,16:35:35,2/16/2026 16:35:35,985,7,838.57,inactive,Kosovo
3986,,11/7/2025,9:24:50,11/7/2025 9:24:50,986,19,810.55,in progress,Indonesia
3987,987,5/24/2026,20:04:33,5/24/2026 20:04:33,987,3,281.68,inactive,Vietnam
3988,988,1/4/2026,21:14:21,1/4/2026 21:14:21,988,19,90.4,resolved,Israel
3989,989,10/12/2025,7:03:29,10/12/2025 7:03:29,,6,564.53,resolved,Japan
3990,990,7/26/2026,8:01:40,7/26/2026 8:01:40,990,16,227.47,in progress,Malaysia
3991,991,7/23/2026,15:23:57,,991,4,680.16,suspended,Indonesia
3992,992,11/20/2025,6:58:55,11/20/2025 6:58:55,,,275.47,resolved,United States
3993,993,11/10/2025,19:38:26,11/10/2025 19:38:26,993,,381.79,resolved,Russia
3994,994,1/17/2026,2:22:16,1/17/2026 2:22:16,994,10,675.92,active,Greece
,995,11/27/2025,10:19:06,11/27/2025 10:19:06,995,7,845.08,resolved,China
3996,996,6/3/2026,6:28:33,6/3/2026 6:28:33,996,8,784.87,on hold,Indonesia
3997,997,4/3/2026,5:21:12,4/3/2026 5:21:12,997,20,442.09,in progress,Indonesia
3998,998,11/15/2025,13:31:25,11/15/2025 13:31:25,998,2,920.69,in progress,China
3999,999,11/14/2025,22:18:29,11/14/2025 22:18:29,999,13,61.43,cancelled,France
4000,1000,7/4/2026,6:12:59,7/4/2026 6:12:59,1000,,203.08,pending,Indonesia
